Ticker;SimFinId;"Company Name";IndustryId
GOOG;18;Alphabet;101002
FOX;242;"21st Century Fox";103001
ATVI;243;"Activision Blizzard";101003
BLK;914;"BlackRock, Inc.";104001
ADBE;14099;"Adobe Systems";101003
MMM;22219;"3M CO";100001
BRID;33021;"BRIDGFORD FOODS CORP";102002
NWY;33184;"New York & Company, Inc.";103002
AMSC;33387;"AMERICAN SUPERCONDUCTOR CORP /DE/";101001
ACAT;33956;"ARCTIC CAT INC";103005
APIC;34899;"Apigee Corp";101003
LABL;35331;"MULTI COLOR Corp";100002
ASNA;35533;"Ascena Retail Group, Inc.";103002
ENS;35886;EnerSys;101001
ABAX;36105;"ABAXIS INC";106001
NGL;36205;"NGL Energy Partners LP";107001
EGHT;36662;"8X8 INC /DE/";101003
GWRE;37120;"Guidewire Software, Inc.";101003
CBRL;37621;"CRACKER BARREL OLD COUNTRY STORE, INC";103003
JOY;39382;"JOY GLOBAL INC";100009
BOOT;39510;"Boot Barn Holdings, Inc.";103002
SHOS;39593;"SEARS HOMETOWN & OUTLET STORES, INC.";109001
PLAB;39856;"PHOTRONICS INC";101004
JVA;40037;"COFFEE HOLDING CO INC";102002
PSTG;40474;"Pure Storage, Inc.";101001
EXAS;41775;"EXACT SCIENCES CORP";106001
AXON;41996;"Axovant Sciences Ltd.";106002
SSI;42463;"STAGE STORES INC";103002
CST;42704;"CST BRANDS, INC.";102001
TESS;42813;"TESSCO TECHNOLOGIES INC";101005
COVS;43077;"Covisint Corp";101003
THO;43246;"THOR INDUSTRIES INC";103005
MLAB;43619;"MESA LABORATORIES INC /CO";101001
VRNT;44422;"VERINT SYSTEMS INC";101003
GME;44534;"GameStop Corp.";103002
PLAY;44636;"Dave & Buster's Entertainment, Inc.";103003
SMRT;45048;"STEIN MART INC";103002
ZUMZ;45730;"Zumiez Inc";103002
A;45846;"AGILENT TECHNOLOGIES INC";106001
LAYN;45965;"LAYNE CHRISTENSEN CO";100003
PVH;46764;"PVH CORP. /DE/";103004
URBN;46954;"URBAN OUTFITTERS INC";103002
HPE;47023;"Hewlett Packard Enterprise Co";101005
BOX;47121;"BOX INC";101003
FL;47224;"FOOT LOCKER, INC.";103004
DVMT;47385;"Denali Holding Inc.";101003
KKD;47513;"KRISPY KREME DOUGHNUTS INC";
CMTL;48404;"COMTECH TELECOMMUNICATIONS CORP /DE/";101005
CAL;49132;"CALERES INC";103004
CSWI;49347;"CSW INDUSTRIALS, INC.";100001
BIG;49609;"BIG LOTS INC";102001
CIEN;49697;"CIENA CORP";101005
VRA;49797;"Vera Bradley, Inc.";103004
NMBL;50051;"Nimble Storage Inc";
AMBA;50129;"AMBARELLA INC";101004
DLTH;50213;"DULUTH HOLDINGS INC.";103002
ENZ;50379;"ENZO BIOCHEM INC";106001
MIK;50465;"Michaels Companies, Inc.";103002
DCI;50564;"DONALDSON CO INC";100001
ARRY;50863;"ARRAY BIOPHARMA INC";106002
EXPR;50957;"EXPRESS, INC.";103002
SPLK;51255;"SPLUNK INC";101003
KMG;51451;"KMG CHEMICALS INC";110001
Fred;51800;"FREDS INC";102001
GCO;51883;"GENESCO INC";103002
CPST;51961;"CAPSTONE TURBINE Corp";100001
UNFI;52168;"UNITED NATURAL FOODS INC";102001
CMD;52478;"CANTEL MEDICAL CORP";106003
HQY;52958;"HEALTHEQUITY INC";101003
PURE;53064;"PURE BIOSCIENCE, INC.";102002
ONVO;53151;"ORGANOVO HOLDINGS, INC.";106001
SPPI;53529;"SPECTRUM PHARMACEUTICALS INC";106002
SYUT;53873;"Synutra International, Inc.";
RAX;53986;"RACKSPACE HOSTING, INC.";108001
VIRC;54439;"VIRCO MFG CORPORATION";100001
SAIC;54785;"Science Applications International Corp";101003
ADT;54871;"ADT Corp";101001
MGCD;55248;"MGC DIAGNOSTICS Corp";106004
EEI;55609;"ECOLOGY & ENVIRONMENT INC";100004
LXRX;56235;"LEXICON PHARMACEUTICALS, INC.";106002
TSLA;56317;Tesla;103005
NATI;56422;"NATIONAL INSTRUMENTS CORP";101003
CLC;57096;"CLARCOR INC.";100001
WY;57524;"WEYERHAEUSER CO";110002
ENG;58098;"ENGLOBAL CORP";100003
AZO;58197;"AUTOZONE INC";103002
TPB;58275;"Turning Point Brands, Inc.";102003
WFC;58953;"WELLS FARGO & COMPANY/MN";104002
DELL;59180;"DELL INC";
MSFT;59265;"MICROSOFT CORP";101003
ITI;59550;"ITERIS, INC.";101005
BV;59824;"Bazaarvoice Inc";101003
BBBY;60362;"BED BATH & BEYOND INC";103002
GS;60439;"GOLDMAN SACHS GROUP INC";104002
TRNS;60740;"TRANSCAT INC";101001
MU;60906;"MICRON TECHNOLOGY INC";101004
ABBV;61199;"AbbVie Inc.";106005
ACN;61372;"Accenture plc";108002
AGN;61474;"Allergan plc";106005
GOOG_old;61595;"Google Inc.";101002
AYI;61705;"ACUITY BRANDS INC";101001
AET;62217;"AETNA INC /PA/";106006
AES;62329;"AES CORP";105001
AMG;62475;"AFFILIATED MANAGERS GROUP, INC.";104001
AFL;62581;"AFLAC INC";104004
AMZN;62747;"AMAZON COM INC";103002
SITE;62823;"SiteOne Landscape Supply, Inc.";100005
LZB;63005;"LA-Z-BOY INC";103004
Fuel;63100;"Rocket Fuel Inc.";103011
BREW;63411;"CRAFT BREW ALLIANCE, INC.";102004
ABT;63877;"ABBOTT LABORATORIES";106004
MEI;64377;"METHODE ELECTRONICS INC";101001
CYAN;65022;"CYANOTECH CORP";102002
HLI;65213;"HOULIHAN LOKEY, INC.";104003
WSCI;65297;"WSI INDUSTRIES, INC.";100001
ALK;65470;"ALASKA AIR GROUP, INC.";100006
ADI;65917;"ANALOG DEVICES INC";101004
AEP;66050;"AMERICAN ELECTRIC POWER CO INC";105001
AVB;66223;"AVALONBAY COMMUNITIES INC";109001
AVY;66346;"Avery Dennison Corp";100001
AN;66437;"AUTONATION, INC.";103005
T;66790;"AT&T INC.";108001
ADM;66997;"ARCHER DANIELS MIDLAND CO";102002
AMAT;67102;"APPLIED MATERIALS INC /DE";101004
AIV;67201;"APARTMENT INVESTMENT & MANAGEMENT CO";109001
AON;67471;"Aon plc";104003
AME;67669;"AMETEK INC/";100001
AMP;67872;"AMERIPRISE FINANCIAL INC";104001
AMT;68339;"AMERICAN TOWER CORP /MA/";108001
AAL;68568;"American Airlines Group Inc.";100006
AEE;68703;"AMEREN CORP";105001
ALL;68840;"ALLSTATE CORP";104006
ADS;68960;"ALLIANCE DATA SYSTEMS CORP";104007
ALLE;69109;"Allegion plc";100007
AKAM;69211;"AKAMAI TECHNOLOGIES INC";101003
IBM;69543;"INTERNATIONAL BUSINESS MACHINES CORP";101003
SLNM;69772;"SALON MEDIA GROUP INC";
GAS;70028;"AGL RESOURCES INC";105001
BXP;70579;"BOSTON PROPERTIES INC";109001
BWA;70746;"BORGWARNER INC";103005
BA;70844;"BOEING CO";100008
BIIB;71079;"BIOGEN INC.";106002
BBY;71192;"BEST BUY CO INC";103002
BRKA;71306;"BERKSHIRE HATHAWAY INC";111001
BDX;71373;"BECTON DICKINSON & CO";106003
BCR;71733;"BARD C R INC /NJ/";106003
BHI;71832;"BAKER HUGHES INC";107004
BAC;71941;"BANK OF AMERICA CORP /DE/";104002
ICPT;72077;"INTERCEPT PHARMACEUTICALS INC";106002
TGT;72458;"TARGET CORP";102001
ASNB;72924;"AdvanSource Biomaterials Corp";
MDT;73420;"Medtronic plc";106004
KITE;73743;"Kite Pharma, Inc.";106002
TPCS;74307;"TECHPRECISION CORP";
EIGI;74731;"Endurance International Group Holdings, Inc.";101003
BNED;75409;"Barnes & Noble Education, Inc.";103002
CAMP;75639;"CalAmp Corp.";101005
AVAV;75856;"AeroVironment Inc";100008
REMI;76840;"REMEDENT, INC.";106003
AMWD;77084;"AMERICAN WOODMARK CORP";103004
GIS;78526;"GENERAL MILLS INC";102002
PRU;78741;"PRUDENTIAL FINANCIAL INC";104004
JBL;79450;"JABIL CIRCUIT INC";101001
MON;79638;Monsanto;110003
DTRM;80268;"DETERMINE, INC.";101003
QLGC;80382;"QLOGIC CORP";
LNN;80469;"LINDSAY CORP";100009
UA;80553;"Under Armour, Inc.";103004
DG;80798;"DOLLAR GENERAL CORP";102001
PACB;81196;"PACIFIC BIOSCIENCES OF CALIFORNIA, INC.";106001
O;81605;"REALTY INCOME CORP";109001
TRUE;81812;"TrueCar, Inc.";101002
KO;82117;"COCA COLA CO";102005
CSCO;82202;"CISCO SYSTEMS, INC.";101005
AZZ;82401;"AZZ INC";100001
IMGN;82671;"IMMUNOGEN INC";106002
PM;82860;"Philip Morris International Inc.";102003
BOJA;82963;"Bojangles', Inc.";103003
VMW;83200;"VMWARE, INC.";101003
SQ;83293;"Square, Inc.";101003
NFLX;83548;"NETFLIX INC";103001
SNX;84398;"SYNNEX CORP";100002
RAD;84515;"RITE AID CORP";102001
ARA;84598;"American Renal Associates Holdings, Inc.";106001
CRM;85017;"SALESFORCE COM INC";101003
MMC;85544;"MARSH & MCLENNAN COMPANIES, INC.";104003
INTC;85652;"INTEL CORP";101004
QCOM;85758;"QUALCOMM INC/DE";101004
GLUU;85988;"GLU MOBILE INC";101003
MS;86439;"MORGAN STANLEY";104003
SNAK;86600;"INVENTURE FOODS, INC.";102002
SBUX;86689;"STARBUCKS CORP";103003
SWY;86808;"SAFEWAY INC";
GBX;87143;"GREENBRIER COMPANIES INC";100010
WBA;87466;"Walgreens Boots Alliance, Inc.";102001
MSM;87559;"MSC INDUSTRIAL DIRECT CO INC";100005
KMI;88392;"KINDER MORGAN, INC.";107003
FIS;88558;"Fidelity National Information Services, Inc.";100002
PPSI;88673;"PIONEER POWER SOLUTIONS, INC.";101001
MCO;88874;"MOODYS CORP /DE/";104003
C;89126;"CITIGROUP INC";104002
ATU;89259;"ACTUANT CORP";100001
PKE;89458;"PARK ELECTROCHEMICAL CORP";101004
TRIP;89539;"TripAdvisor, Inc.";103015
JNJ;89661;"JOHNSON & JOHNSON";106005
DHR;89750;"DANAHER CORP /DE/";106001
EBF;90209;"ENNIS, INC.";100001
CCF;90312;"CHASE CORP";100001
LULU;90670;"lululemon athletica inc.";103002
AJX;90767;"Great Ajax Corp.";109001
WFM;90839;"WHOLE FOODS MARKET INC";103002
FDS;91248;"FACTSET RESEARCH SYSTEMS INC";104003
HELE;91621;"HELEN OF TROY LTD";102002
P;91899;"Pandora Media, Inc.";103001
WNDW;92543;"SolarWindow Technologies, Inc.";
ARO;93605;"AEROPOSTALE INC";
LEDS;93692;"SemiLEDs Corp";101004
RHT;94011;"RED HAT INC";101003
SOTK;94282;"SONO TEK CORP";101001
MOS;94993;"MOSAIC CO";110003
BHE;95106;"BENCHMARK ELECTRONICS INC";101001
VIDE;95336;"VIDEO DISPLAY CORP";101001
PRTX;95453;"PROTALEX INC";106002
WINH;97546;"WINHA INTERNATIONAL GROUP LTD";
PPHM;97638;"PEREGRINE PHARMACEUTICALS INC";106002
MYCC;97729;"ClubCorp Holdings, Inc.";103015
SIRI;97841;"SIRIUS XM HOLDINGS INC.";103001
K;97995;"KELLOGG CO";102002
MAR;98192;"MARRIOTT INTERNATIONAL INC /MD/";103015
LII;98304;"LENNOX INTERNATIONAL INC";100001
KLXI;98588;"KLX Inc.";100008
YUM;98663;"YUM BRANDS INC";103003
CLRB;99062;"Cellectar Biosciences, Inc.";106002
KSU;99395;"KANSAS CITY SOUTHERN";100010
CALD;100006;"CALLIDUS SOFTWARE INC";101003
SHLD;100266;"SEARS HOLDINGS CORP";103002
CBM;100602;"CAMBREX CORP";106002
EOG;100699;"EOG RESOURCES INC";107002
CBK;100810;"CHRISTOPHER & BANKS CORP";103002
SBAC;100897;"SBA COMMUNICATIONS CORP";108001
ITGR;101027;"Integer Holdings Corp";
SRCL;101113;"STERICYCLE INC";100004
VZ;101219;"VERIZON COMMUNICATIONS INC";108001
BSQR;101318;"BSQUARE CORP /WA";101003
CLR;101392;"CONTINENTAL RESOURCES, INC";107002
DNKN;101599;"DUNKIN' BRANDS GROUP, INC.";103003
NKE;101814;"NIKE INC";103004
LRCX;101897;"LAM RESEARCH CORP";101004
OLLI;102057;"Ollie's Bargain Outlet Holdings, Inc.";102001
WBC;102132;"WABCO Holdings Inc.";103005
CP;102322;"CANADIAN PACIFIC RAILWAY LTD/CN";100010
WINA;102395;"WINMARK CORP";103002
URI;102754;"UNITED RENTALS INC /DE";100007
NVEC;102816;"NVE CORP /NEW/";101004
GGG;103052;"GRACO INC";100001
MIXX;103135;"MIX 1 LIFE, INC.";
SLM;103225;"SLM CORP";104007
ISRG;103498;"INTUITIVE SURGICAL INC";106004
IVTY;103578;"Invuity, Inc.";106003
LMT;103644;"LOCKHEED MARTIN CORP";100008
NEM;103736;"NEWMONT MINING CORP /DE/";110004
EBAY;104109;"EBAY INC";103002
ALV;104657;"AUTOLIV INC";103005
TEL;104745;"TE Connectivity Ltd.";101001
PAYX;106287;"PAYCHEX INC";100002
CMCSA;106366;"COMCAST CORP";108001
UPS;106423;"UNITED PARCEL SERVICE INC";100010
PEB;107219;"Pebblebrook Hotel Trust";109001
V;107326;"VISA INC.";104007
CDNS;107614;"CADENCE DESIGN SYSTEMS INC";101003
ESRX;107733;"Express Scripts Holding Co.";106006
TBI;108139;"TrueBlue, Inc.";100011
DRI;108420;"DARDEN RESTAURANTS INC";103003
EW;108955;"Edwards Lifesciences Corp";106004
WNC;109798;"WABASH NATIONAL CORP /DE";100012
DMRC;110139;"Digimarc CORP";101003
NUVA;110456;"NUVASIVE INC";106004
EXP;110585;"EAGLE MATERIALS INC";110005
MJCO;110826;Majesco;101003
RRC;110931;"RANGE RESOURCES CORP";107002
AAPL;111052;"APPLE INC";101001
SPG;111127;"SIMON PROPERTY GROUP INC /DE/";109001
AGHI;111361;"Affinion Group Holdings, Inc.";
AGI;111482;"Affinion Group, Inc.";110004
CBI;111879;"CHICAGO BRIDGE & IRON CO N V";100003
SXC;112269;"SunCoke Energy Partners, L.P.";110006
ACRX;113247;"ACELRX PHARMACEUTICALS INC";106004
CIK;113301;"Cr√©dit Suisse Asset Management Income Fund, INC.";104001
CPN;113443;"CALPINE CORP";105002
DRQ;113753;"DRIL-QUIP INC";107004
HOT;113871;"STARWOOD HOTEL & RESORTS WORLDWIDE, INC";
PLD;113992;"Prologis, Inc.";109001
GPRO;114240;"GoPro, Inc.";101001
USAP;114434;"UNIVERSAL STAINLESS & ALLOY PRODUCTS INC";110007
SPNC;114601;"SPECTRANETICS CORP";106004
ESI;114707;"ITT EDUCATIONAL SERVICES INC";
SFS;114802;"Smart & Final Stores, Inc.";102001
GPC;115285;"GENUINE PARTS CO";103002
CHSP;115723;"Chesapeake Lodging Trust";109001
WCIC;116367;"WCI Communities, Inc.";
WYN;116466;"WYNDHAM WORLDWIDE CORP";103015
KWR;116818;"QUAKER CHEMICAL CORP";110001
PEG;117316;"PUBLIC SERVICE ENTERPRISE GROUP INC";
CUBE;117529;CubeSmart;109001
WFT;117829;"Weatherford International plc";107004
MKTX;118024;"MARKETAXESS HOLDINGS INC";104003
FEIM;118109;"FREQUENCY ELECTRONICS INC";101005
MPWR;118204;"MONOLITHIC POWER SYSTEMS INC";101004
MOBL;118286;"MOBILEIRON, INC.";
ADPT;118952;"Adeptus Health Inc.";
CF;119051;"CF Industries Holdings, Inc.";110003
ROP;119446;"ROPER TECHNOLOGIES INC";100001
LNT;119577;"ALLIANT ENERGY CORP";105001
NI;119873;"NISOURCE INC/DE";105001
DISCA;120376;"Discovery Communications, Inc.";103001
CBOE;120616;"CBOE Holdings, Inc.";104003
ACCO;120923;"ACCO BRANDS Corp";100001
FB;121021;"Facebook Inc";101002
XOM;121214;"EXXON MOBIL CORP";107005
BC;121407;"BRUNSWICK CORP";103015
TWX;121635;"TIME WARNER INC.";103001
ROK;121874;"ROCKWELL AUTOMATION INC";100001
DVN;122079;"DEVON ENERGY CORP/DE";107002
JLL;122208;"JONES LANG LASALLE INC";109002
CSU;122647;"CAPITAL SENIOR LIVING CORP";106011
TST;122759;"THESTREET, INC.";104003
GRC;122864;"GORMAN RUPP CO";100001
EMN;122948;"EASTMAN CHEMICAL CO";110001
KAR;123411;"KAR Auction Services, Inc.";103002
NFX;123505;"NEWFIELD EXPLORATION CO /DE/";107002
SGY;123623;"STONE ENERGY CORP";107002
HNI;123823;"HNI CORP";100001
FELE;124153;"FRANKLIN ELECTRIC CO INC";100001
OXFD;124252;"Oxford Immunotec Global PLC";106001
XYL;124467;"Xylem Inc.";100001
RYAM;124551;"RAYONIER ADVANCED MATERIALS INC.";110001
FET;124637;"FORUM ENERGY TECHNOLOGIES, INC.";107004
LKQ;124743;"LKQ CORP";103005
ETN;124922;"Eaton Corp plc";100001
DNB;125293;"DUN & BRADSTREET CORP/NW";100002
TUP;125534;"TUPPERWARE BRANDS CORP";103018
GM;125620;"General Motors Co";103005
CCOI;125781;"COGENT COMMUNICATIONS HOLDINGS, INC.";108001
SNHY;126033;"SUN HYDRAULICS CORP";100001
ANSS;126145;"ANSYS INC";101003
SGM;126240;"STONEGATE MORTGAGE CORP";
SMP;126577;"STANDARD MOTOR PRODUCTS INC";103005
AMOT;126799;"ALLIED MOTION TECHNOLOGIES INC";101001
PGTI;127570;"PGT, Inc.";110005
SLG;127650;"SL GREEN REALTY CORP";109001
GRA;127797;"W R GRACE & CO";110001
CTSH;128066;"COGNIZANT TECHNOLOGY SOLUTIONS CORP";101003
CROX;128143;"Crocs, Inc.";103004
ALG;128246;"ALAMO GROUP INC";100009
IBKC;129297;"IBERIABANK CORP";104002
NKSH;129536;"NATIONAL BANKSHARES INC";104002
RMD;129653;"RESMED INC";106003
SEV;129956;"SEVCON, INC.";101004
EXR;130051;"Extra Space Storage Inc.";109001
FTNT;130256;"FORTINET INC";101003
BIO;130356;"BIO RAD LABORATORIES INC";106001
LARK;130464;"LANDMARK BANCORP INC";104002
IMPV;131347;"IMPERVA INC";101003
CTXS;131663;"CITRIX SYSTEMS INC";101003
OPHT;131911;"Ophthotech Corp.";106002
SBGI;132115;"SINCLAIR BROADCAST GROUP INC";103001
LFUS;132253;"LITTELFUSE INC /DE";101001
SKY;132365;"SKYLINE CORP";103013
SHPGF;132453;"Shire plc";106005
KLAC;132518;"KLA TENCOR CORP";101004
GUID;132676;"Guidance Software, Inc.";101003
ALB;132877;"ALBEMARLE CORP";110001
BFAM;132997;"BRIGHT HORIZONS FAMILY SOLUTIONS INC.";103020
PG;133209;"PROCTER & GAMBLE Co";102002
H;133448;"Hyatt Hotels Corp";103015
MO;133574;"ALTRIA GROUP, INC.";102003
SRNE;133865;"Sorrento Therapeutics, Inc.";106002
TA;133962;"TRAVELCENTERS OF AMERICA LLC";103002
NE;134105;"Noble Corp plc";107006
SXT;134902;"SENSIENT TECHNOLOGIES CORP";110001
MMI;134979;"Marcus & Millichap, Inc.";109002
BMRN;135371;"BIOMARIN PHARMACEUTICAL INC";106002
OZRK;135823;"BANK OF THE OZARKS INC";104002
VSTM;135964;"Verastem, Inc.";106002
ON;136025;"ON SEMICONDUCTOR CORP";101004
BID;136608;SOTHEBYS;103002
ASH;136913;"ASHLAND INC.";110001
SQBG;137237;"Sequential Brands Group, Inc.";103004
RESI;137841;"Altisource Residential Corp";104001
TSN;138054;"TYSON FOODS INC";102002
NEPH;138152;"NEPHROS INC";106003
EPZM;138374;"Epizyme, Inc.";106002
DVAX;138695;"DYNAVAX TECHNOLOGIES CORP";106002
NATL;138792;"National Interstate CORP";
SOHU;138944;"SOHU COM INC";101002
ALR;139220;"ALERE INC.";106001
MGM;139431;"MGM Resorts International";103015
REXR;139560;"Rexford Industrial Realty, Inc.";109001
RATE;140381;"Bankrate, Inc.";101002
TESO;141183;"TESCO CORP";107004
NICK;141389;"NICHOLAS FINANCIAL INC";104007
JUVF;141652;"JUNIATA VALLEY FINANCIAL CORP";
ITG;142922;"INVESTMENT TECHNOLOGY GROUP, INC.";104003
LAMR;143321;"LAMAR ADVERTISING CO/NEW";109001
FOLD;143587;"AMICUS THERAPEUTICS INC";106002
NSPR;143799;"InspireMD, Inc.";106004
RDNT;143984;"RadNet, Inc.";106001
SRT;144111;"StarTek, Inc.";100002
FTEK;144208;"FUEL TECH, INC.";100001
CALL;144735;"MAGICJACK VOCALTEC LTD";108001
CNXR;145641;"CONNECTURE INC";106006
EVH;146041;"Evolent Health, Inc.";101003
GIDYL;146177;"GI DYNAMICS, INC.";
COTV;146741;"Cotiviti Holdings, Inc.";101003
MXPT;146869;"MaxPoint Interactive, Inc.";101003
LOV;147014;"SPARK NETWORKS INC";101002
FCS;147401;"FAIRCHILD SEMICONDUCTOR INTERNATIONAL INC";101004
SPNE;147451;"SeaSpine Holdings Corp";106004
EBIX;147655;"EBIX INC";101003
VDSI;147770;"VASCO DATA SECURITY INTERNATIONAL INC";101003
RLOC;148191;"ReachLocal Inc";
BSTG;148380;"Biostage, Inc.";106002
BLFS;148798;"BIOLIFE SOLUTIONS INC";106003
SHAK;148890;"Shake Shack Inc.";103003
RUN;148978;"Sunrun Inc.";101004
NTRA;149288;"Natera, Inc.";106001
IAIC;149465;"INFORMATION ANALYSIS INC";
CVSI;150939;"CV Sciences, Inc.";
ISSC;153113;"INNOVATIVE SOLUTIONS & SUPPORT INC";100008
MXIM;153611;"MAXIM INTEGRATED PRODUCTS INC";101004
CAGU;154936;"CASTLE GROUP INC";109002
AFI;155205;"Armstrong Flooring, Inc.";110005
COKE;156024;"COCA COLA BOTTLING CO CONSOLIDATED /DE/";102005
XBIT;156298;"XBiotech Inc.";106002
BVSN;156413;"BROADVISION INC";101003
TLCC;156530;"TWINLAB CONSOLIDATED HOLDINGS, INC.";
PROM;156801;"Propel Media, Inc.";
DDE;157094;"DOVER DOWNS GAMING & ENTERTAINMENT INC";103015
SOHO;158088;"Sotherly Hotels Inc.";109001
PJT;158528;"PJT Partners Inc.";104003
VSTO;158610;"Vista Outdoor Inc.";103015
SFBC;158885;"Sound Financial Bancorp, Inc.";104002
CAH;159950;"CARDINAL HEALTH INC";106014
MHH;160053;"Mastech Holdings, Inc.";100011
NEOS;160118;"Neos Therapeutics, Inc.";106005
NWS;160346;"NEWS CORP";103001
ABMC;160965;"AMERICAN BIO MEDICA CORP";106002
ICPW;161289;"IRONCLAD PERFORMANCE WEAR CORP";100001
HPJ;163221;"Highpower International, Inc.";101001
SPAN;164268;"SPAN AMERICA MEDICAL SYSTEMS INC";106003
NLST;164920;"NETLIST INC";101004
ARCI;165913;"APPLIANCE RECYCLING CENTERS OF AMERICA INC /MN";103002
MRCY;166196;"MERCURY SYSTEMS INC";101001
SPLS;166539;"STAPLES INC";103002
HURN;166848;"Huron Consulting Group Inc.";100002
AIRI;166965;"AIR INDUSTRIES GROUP";100008
PRGB;167827;"Protea Biosciences Group, Inc.";
CRIS;168118;"CURIS INC";106002
AWK;168302;"American Water Works Company, Inc.";105001
QNST;168827;"QUINSTREET, INC";101002
TMED;169714;"TRIMEDYNE INC";
CDNA;171003;"CareDx, Inc.";106001
ZYXI;171401;"ZYNEX INC";106004
RGS;171506;"REGIS CORP";103020
NVDA;172199;"NVIDIA CORP";101002
LTRX;172507;"LANTRONIX INC";101005
EL;172930;"ESTEE LAUDER COMPANIES INC";102002
ARAY;173115;"ACCURAY INC";106004
AEO;173396;"AMERICAN EAGLE OUTFITTERS INC";103002
SMCI;175410;"Super Micro Computer, Inc.";101005
KE;175788;"Kimball Electronics, Inc.";101001
DEST;175862;"Destination Maternity Corp";103002
OSTK;176064;"OVERSTOCK.COM, INC";103002
SKX;176359;"SKECHERS USA INC";103004
TIVO;176762;"TIVO INC";101003
LRDC;176863;"Laredo Oil, Inc.";
TECH;176917;"BIO-TECHNE Corp";106002
PAHC;177507;"PHIBRO ANIMAL HEALTH CORP";106005
SCSC;177685;"SCANSOURCE INC";101001
EXA;177765;"EXA CORP";101003
AEHR;178053;"AEHR TEST SYSTEMS";101004
GLGI;178127;"GREYSTONE LOGISTICS, INC.";
LLTC;178219;"LINEAR TECHNOLOGY CORP /CA/";
DXLG;178401;"DESTINATION XL GROUP, INC.";103002
CETX;178699;"CEMTREX INC";100001
ULTA;178804;"Ulta Salon, Cosmetics & Fragrance, Inc.";103002
CREE;178872;"CREE INC";101004
CSII;178927;"Cardiovascular Systems Inc";106004
BURL;179036;"Burlington Stores, Inc.";102001
LNTH;179201;"Lantheus Holdings, Inc.";106001
DKS;179423;"DICKS SPORTING GOODS INC";103002
SMED;179660;"SHARPS COMPLIANCE CORP";100004
TPIC;180206;"TPI COMPOSITES, INC";100001
JCP;180279;"J C PENNEY CO INC";103002
PFGC;180458;"Performance Food Group Co";102001
MENT;181078;"MENTOR GRAPHICS CORP";
GES;181484;"GUESS INC";103002
TTC;181580;"TORO CO";100001
TECD;181744;"TECH DATA CORP";101001
GPN;182201;"GLOBAL PAYMENTS INC";100002
BAH;182296;"Booz Allen Hamilton Holding Corp";100002
LE;182473;"LANDS' END, INC.";103002
MTRX;182638;"MATRIX SERVICE CO";107004
PI;182875;"IMPINJ INC";101001
AL;182952;"AIR LEASE CORP";100007
INTU;183557;"INTUIT INC";101003
GIII;183672;"G III APPAREL GROUP LTD /DE/";103004
NTAP;183964;"NetApp, Inc.";101001
PTE;184064;PolarityTE;106002
HPQ;184360;"HP INC";101001
JWN;184768;"NORDSTROM INC";103002
AAP;184955;"ADVANCE AUTO PARTS INC";103002
ADSK;185035;"AUTODESK INC";101003
M;185124;"Macy's, Inc.";103002
APD;185217;"AIR PRODUCTS & CHEMICALS INC /DE/";110001
SMTC;185350;"SEMTECH CORP";101004
BFB;185450;"BROWN FORMAN CORP";102004
SIG;185651;"SIGNET JEWELERS LTD";103002
OXM;185852;"OXFORD INDUSTRIES INC";103004
LB;185942;"L Brands, Inc.";103002
low;186050;"LOWES COMPANIES INC";103002
KSS;186130;"KOHLS Corp";103002
WDAY;186213;"Workday, Inc.";101003
BRCD;186307;"BROCADE COMMUNICATIONS SYSTEMS INC";101001
COO;186450;"COOPER COMPANIES INC";106003
KEYS;186556;"Keysight Technologies, Inc.";101001
ABC;187024;"AMERISOURCEBERGEN CORP";106014
CRL;187129;"CHARLES RIVER LABORATORIES INTERNATIONAL INC";106001
EXTR;187330;"EXTREME NETWORKS INC";101005
MEIP;187582;"MEI Pharma, Inc.";106005
ELMD;187864;"Electromed, Inc.";106004
NDSN;188156;"NORDSON CORP";100001
KIRK;188255;"KIRKLAND'S, INC";103002
HURC;188434;"HURCO COMPANIES INC";101001
ANF;188522;"ABERCROMBIE & FITCH CO /DE/";103002
CASY;188690;"CASEYS GENERAL STORES INC";102001
NEE;188922;"NEXTERA ENERGY INC";105001
D;189087;"DOMINION RESOURCES INC /VA/";105001
SO;189248;"SOUTHERN CO";105001
SCG;190587;"SCANA CORP";105001
DUK;191249;"Duke Energy CORP";105001
AMD;191397;"ADVANCED MICRO DEVICES INC";101004
AE;191518;"ADAMS RESOURCES & ENERGY, INC.";107005
ACET;191612;"ACETO CORP";106005
ARNC;195506;Arconic;100001
AKRX;195622;"AKORN INC";106005
JWA;195872;"WILEY JOHN & SONS, INC.";103026
PDCO;196179;"PATTERSON COMPANIES, INC.";106014
BKE;196385;"BUCKLE INC";103002
AMSWA;196458;"AMERICAN SOFTWARE INC";101003
TWMC;197548;"TRANS WORLD ENTERTAINMENT CORP";103002
FCEL;197812;"FUELCELL ENERGY INC";105002
MRVL;198029;"MARVELL TECHNOLOGY GROUP LTD";101004
GMAN;198131;"Gordmans Stores, Inc.";
MIND;198210;"MITCHAM INDUSTRIES INC";101001
VNCE;198318;"VINCE HOLDING CORP.";103004
WSM;198669;"WILLIAMS SONOMA INC";103002
NSSC;198892;"NAPCO SECURITY TECHNOLOGIES, INC";100007
FNSR;198959;"FINISAR CORP";101005
FIZZ;199147;"NATIONAL BEVERAGE CORP";102005
PANW;199345;"Palo Alto Networks Inc";101003
VEEV;199530;"VEEVA SYSTEMS INC";101003
ABM;199984;"ABM INDUSTRIES INC /DE/";100002
ROST;200092;"ROSS STORES INC";103002
EV;200412;"EATON VANCE CORP";104001
BONT;200557;"BON TON STORES INC";103002
TOL;200636;"TOLL BROTHERS INC";103013
VAL;200824;"VALSPAR CORP";
SCWX;201339;"SecureWorks Corp";101003
PSTI;201828;"PLURISTEM THERAPEUTICS INC";106002
TCMD;201913;"TACTILE SYSTEMS TECHNOLOGY INC";106004
SCVL;201975;"SHOE CARNIVAL INC";103002
SIGM;202034;"SIGMA DESIGNS INC";101004
STRT;202406;"STRATTEC SECURITY CORP";103005
SHLO;202591;"SHILOH INDUSTRIES INC";100001
FRAN;202677;"Francesca's Holdings CORP";103002
SNOW;203144;"Intrawest Resorts Holdings, Inc.";
NAV;203261;"NAVISTAR INTERNATIONAL CORP";100012
MKL;205470;"MARKEL CORP";104006
LUV;205563;"SOUTHWEST AIRLINES CO";100006
VISI;207946;"VOLT INFORMATION SCIENCES, INC.";100011
OOMA;208053;"OOMA INC";108001
MCFT;208137;"MCBC Holdings, Inc.";103005
AVNW;208290;"AVIAT NETWORKS, INC.";101005
VALU;208845;"VALUE LINE INC";103026
PPIH;209037;"MFRI INC";100001
PERF;209149;"Perfumania Holdings, Inc.";103002
CFI;209337;"CULP INC";
PSSR;210051;"PASSUR Aerospace, Inc.";100008
PRXL;210352;"PAREXEL INTERNATIONAL CORP";106001
PRCP;210612;"PERCEPTRON INC/MI";101001
FHB;210774;"FIRST HAWAIIAN, INC.";104002
KFY;211211;"KORN FERRY INTERNATIONAL";100011
WEN;217619;"Wendy's Co";103003
Cost;217867;"COSTCO WHOLESALE CORP /NEW";102001
HDS;218138;"HD Supply Holdings, Inc.";100005
PEP;218222;"PEPSICO INC";102005
CSC;218339;"COMPUTER SCIENCES CORP";
CLX;218764;"CLOROX CO /DE/";102002
SCX;218861;"STARRETT L S CO";100001
ESP;230667;"ESPEY MFG & ELECTRONICS CORP";101001
SHOR;231330;"ShoreTel Inc";101005
TWIN;231580;"TWIN DISC INC";100001
DAL;231789;"DELTA AIR LINES INC /DE/";100006
SGMA;231993;"SIGMATRON INTERNATIONAL INC";101001
OCC;232540;"OPTICAL CABLE CORP";101005
PSDV;232734;"pSivida Corp.";106005
EGAN;233349;"EGAIN Corp";101003
HOME;233408;"At Home Group Inc.";103002
MMMB;233893;"MamaMancini's Holdings, Inc.";
USAT;234192;"USA TECHNOLOGIES INC";101003
GD;234391;"GENERAL DYNAMICS CORP";100008
HUM;234479;"HUMANA INC";106006
GILD;239284;"GILEAD SCIENCES INC";106002
BSX;239516;"BOSTON SCIENTIFIC CORP";106004
CENT;239618;"CENTRAL GARDEN & PET CO";102002
WMT;239962;"WAL MART STORES INC";102001
CHKE;240259;"CHEROKEE INC";103002
RFIL;241093;"R F INDUSTRIES LTD";101001
CSBR;241725;"CHAMPIONS ONCOLOGY, INC.";106002
LAKE;243284;"LAKELAND INDUSTRIES INC";106003
JPM;243510;"JPMORGAN CHASE & CO";104002
MCD;243628;"MCDONALDS CORP";103003
RP;243720;"REALPAGE INC";101003
LNC;243942;"LINCOLN NATIONAL CORP";104004
PIR;244053;"PIER 1 IMPORTS INC/DE";103002
GE;244314;"GENERAL ELECTRIC CO";100001
SWK;244442;"STANLEY BLACK & DECKER, INC.";100001
IHT;244789;"INNSUITES HOSPITALITY TRUST";109001
BMRA;245138;"BIOMERICA INC";106003
BBT;245217;"BB&T CORP";104002
BRO;245531;"BROWN & BROWN INC";104003
PDEX;246198;"PRO DEX INC";106003
SANW;246310;"S&W Seed Co";102002
BRC;246429;"BRADY CORP";100007
LPTH;246855;"LIGHTPATH TECHNOLOGIES INC";101001
FLWS;247341;"1 800 FLOWERS COM INC";103002
XCRA;247530;"Xcerra Corp";101004
BLL;247618;"BALL CORP";103018
SYY;247719;"SYSCO CORP";102001
TRN;247970;"TRINITY INDUSTRIES INC";100010
CSX;248102;"CSX CORP";100010
IEHC;248180;"IEH CORPORATION";101001
CVX;248396;"CHEVRON CORP";107005
CINF;248488;"CINCINNATI FINANCIAL CORP";104006
HSY;248677;"HERSHEY CO";102002
HRS;248838;"HARRIS CORP /DE/";101005
CPB;249099;"CAMPBELL SOUP CO";102002
TIF;249289;"TIFFANY & CO";103002
NBL;249388;"NOBLE ENERGY INC";107002
AGYS;249502;"AGILYSYS INC";101003
HAS;249756;"HASBRO INC";103015
UFI;249809;"UNIFI INC";103013
SAFT;250043;"SAFETY INSURANCE GROUP INC";104006
SVT;250129;"SERVOTRONICS INC /DE/";101001
IDSY;250487;"ID SYSTEMS INC";101005
WDC;250582;"WESTERN DIGITAL CORP";101001
HEI;250786;"HEICO CORP";100008
MOV;250875;"MOVADO GROUP INC";103002
GPS;250974;"GAP INC";103002
MKC;251282;"MCCORMICK & CO INC";102002
UNAM;251597;"UNICO AMERICAN CORP";104006
AIG;251769;"AMERICAN INTERNATIONAL GROUP INC";104005
RDC;252069;"ROWAN COMPANIES PLC";107006
DY;252287;"DYCOM INDUSTRIES INC";100003
BMI;252337;"BADGER METER INC";101001
TXN;252464;"TEXAS INSTRUMENTS INC";101004
GIMO;252563;"Gigamon Inc.";101005
BLOX;252645;"INFOBLOX INC";
BGG;252726;"BRIGGS & STRATTON CORP";100001
BKH;253495;"BLACK HILLS POWER INC";105001
AWI;253579;"ARMSTRONG WORLD INDUSTRIES INC";110005
MDP;253689;"MEREDITH CORP";103026
AIT;253867;"APPLIED INDUSTRIAL TECHNOLOGIES INC";100005
CAT;253953;"CATERPILLAR INC";100009
NERV;254280;"Minerva Neurosciences, Inc.";106002
SJM;254348;"J M SMUCKER Co";102002
APA;254576;"APACHE CORP";107002
CACI;254661;"CACI INTERNATIONAL INC /DE/";101003
BAX;254808;"BAXTER INTERNATIONAL INC";106003
BMY;255210;"BRISTOL MYERS SQUIBB CO";106005
BRS;255858;"Bristow Group Inc";107004
EMR;255983;"EMERSON ELECTRIC CO";100001
PPG;256062;"PPG INDUSTRIES INC";110001
CVS;256275;"CVS HEALTH Corp";106006
CRWS;256343;"CROWN CRAFTS INC";103004
TJX;256569;"TJX COMPANIES INC /DE/";103002
UMBF;256663;"UMB FINANCIAL CORP";104002
FUL;256748;"FULLER H B CO";110001
SFD;256896;"SMITHFIELD FOODS INC";
STZ;256994;"CONSTELLATION BRANDS, INC.";102004
PHH;257104;"PHH CORP";104002
NAII;257524;"NATURAL ALTERNATIVES INTERNATIONAL INC";102002
SINO;257712;"Sino-Global Shipping America, Ltd.";100010
YHOO;257807;"YAHOO INC";108001
ORCL;257930;"ORACLE CORP";101003
KR;258154;"KROGER CO";102001
IVDN;258246;"INNOVATIVE DESIGNS INC";103002
EVI;258455;"EnviroStar, Inc.";103020
KOOL;258731;"CESCA THERAPEUTICS INC.";106004
FDX;259098;"FEDEX CORP";100010
AMRK;259435;"A-Mark Precious Metals, Inc.";104003
CBKM;259775;"CONSUMERS BANCORP INC /OH/";
IPI;260195;"Intrepid Potash, Inc.";110003
CLNE;260313;"Clean Energy Fuels Corp.";107001
LNG;260533;"CHENIERE ENERGY INC";107003
SYNA;260659;"SYNAPTICS Inc";101003
FSLR;260908;"FIRST SOLAR, INC.";101004
BKNG;261036;"Booking Holdings Inc.";103015
BRCM;261267;"BROADCOM CORP";101004
DIS;261356;"WALT DISNEY CO/";103001
EMC;261451;"EMC CORP";
IP;261549;"INTERNATIONAL PAPER CO /NEW/";103018
HD;261673;"HOME DEPOT INC";103002
PFE;262090;"PFIZER INC";106005
MRK;262201;"Merck & Co., Inc.";106005
CA;262416;"CA, INC.";101003
AHPI;262963;"ALLIED HEALTHCARE PRODUCTS INC";106004
TBTC;263057;"TABLE TRAC INC";103001
HGEN;263238;"KALOBIOS PHARMACEUTICALS INC";
MTN;264322;"VAIL RESORTS INC";103015
MAMS;265007;"MAM SOFTWARE GROUP, INC.";101003
KANP;275886;"KAANAPALI LAND LLC";
LCUT;276271;"LIFETIME BRANDS, INC";103004
FEYE;276492;"FireEye, Inc.";101003
EGLT;286194;"Egalet Corp";106002
DYNT;286288;"DYNATRONICS CORP";106004
FKWL;286530;"FRANKLIN WIRELESS CORP";101005
CPRT;287342;"COPART INC";103005
BWLA;287640;"BOWL AMERICA INC";103001
SNA;288357;"SNAP-ON Inc";100001
CCL;288836;"CARNIVAL CORP";103015
EXEL;289286;"EXELIXIS, INC.";106002
ALNY;325251;"ALNYLAM PHARMACEUTICALS, INC.";106002
CAG;326285;"CONAGRA FOODS INC /DE/";102002
BGS;327019;"B&G Foods, Inc.";102002
GNTX;327200;"GENTEX CORP";103005
PNW;327292;"PINNACLE WEST CAPITAL CORP";105001
MAYS;327434;"MAYS J W INC";109002
APOG;327543;"APOGEE ENTERPRISES, INC.";110005
KMX;327637;"CARMAX INC";103005
RECN;328011;"RESOURCES CONNECTION INC";100002
RPM;328948;"RPM INTERNATIONAL INC/DE/";110001
AXN;329205;"AOXING PHARMACEUTICAL COMPANY, INC.";106005
RT;330525;"RUBY TUESDAY INC";103003
INFO;330628;"IHS Markit Ltd.";100002
VFC;330907;"V F CORP";103004
RL;331016;"RALPH LAUREN CORP";103004
COH;331230;"COACH INC";103002
HBI;331419;"Hanesbrands Inc.";103004
SSNI;331528;"SILVER SPRING NETWORKS INC";101001
MA;331628;"Mastercard Inc";104007
SCND;331831;"SCIENTIFIC INDUSTRIES INC";101001
CTAS;331923;"CINTAS CORP";100002
WOR;332221;"WORTHINGTON INDUSTRIES INC";110007
SMIT;332324;"SCHMITT INDUSTRIES INC";101001
VLGEA;333215;"VILLAGE SUPER MARKET INC";102001
TSRI;333363;"TSR INC";101003
MHK;333439;"MOHAWK INDUSTRIES INC";103004
MCHP;333440;"MICROCHIP TECHNOLOGY INC";101004
MNST;333441;"Monster Beverage Corp";102005
MYL;333504;"Mylan N.V.";106005
MUR;333627;"MURPHY OIL CORP /DE";107002
NLSN;333689;"Nielsen Holdings plc";100002
NOC;333824;"NORTHROP GRUMMAN CORP /DE/";100008
MSI;333970;"Motorola Solutions, Inc.";101005
OKE;334076;"ONEOK INC /NEW/";107003
OXY;334205;"OCCIDENTAL PETROLEUM CORP /DE/";107002
PNR;334445;"PENTAIR plc";100001
PRGO;334568;"PERRIGO CO";106005
ORLY;334679;"O REILLY AUTOMOTIVE INC";103002
NUE;334772;"NUCOR CORP";110007
MTD;334921;"METTLER TOLEDO INTERNATIONAL INC/";106003
HLF;335043;"HERBALIFE LTD.";102002
AVP;335142;"AVON PRODUCTS INC";102002
MTB;335339;"M&T BANK CORP";104002
CIT;335466;"CIT GROUP INC";104002
EWBC;335579;"EAST WEST BANCORP INC";104002
PBCT;335764;"People's United Financial, Inc.";104002
STI;335922;"SUNTRUST BANKS INC";104002
DOV;336327;"DOVER Corp";100001
RAI;336424;"REYNOLDS AMERICAN INC";102003
INCR;336622;"INC Research Holdings, Inc.";106001
DPZ;338660;"DOMINOS PIZZA INC";103003
TAYD;338837;"TAYLOR DEVICES INC";100001
PVHO;340334;"Provision Holding, Inc.";
IMSCQ;340525;"IMPLANT SCIENCES CORP";
PRLB;341185;"Proto Labs Inc";100001
SEIC;341472;"SEI INVESTMENTS CO";104001
DGX;341807;"QUEST DIAGNOSTICS INC";106001
RSYS;342891;"RADISYS CORP";101001
SONC;343236;"SONIC CORP";103003
INT;344219;"WORLD FUEL SERVICES CORP";107001
OSIS;344473;"OSI SYSTEMS INC";101001
ALJ;344561;"Alon USA Energy, Inc.";107001
BOKF;344670;"BOK FINANCIAL CORP ET AL";104002
TYPE;344785;"Monotype Imaging Holdings Inc.";101003
WMB;344928;"WILLIAMS COMPANIES INC";107003
MIC;345220;"Macquarie Infrastructure Corp";100010
WAL;345773;"WESTERN ALLIANCE BANCORPORATION";104002
BGSF;346052;"BG Staffing, Inc.";100011
INFN;346530;"INFINERA CORP";101005
HDSN;346795;"HUDSON TECHNOLOGIES INC /NY";100001
NTRI;346874;"NUTRI SYSTEM INC /DE/";103020
HST;346970;"HOST HOTELS & RESORTS, INC.";109001
OMI;347188;"OWENS & MINOR INC/VA/";106014
STBA;347280;"S&T BANCORP INC";104002
PNC;348075;"PNC FINANCIAL SERVICES GROUP, INC.";104002
MAN;348449;"ManpowerGroup Inc.";100011
PODD;349262;"INSULET CORP";106003
TSRO;349753;"TESARO, Inc.";106002
DVA;349826;"DAVITA INC.";106011
DPLO;349954;"Diplomat Pharmacy, Inc.";106005
FOE;350054;"FERRO CORP";110001
CHEF;350160;"Chefs' Warehouse, Inc.";102001
KTWO;350257;"K2M GROUP HOLDINGS, INC.";106004
IRG;350449;"Ignite Restaurant Group, Inc.";
PGRE;350539;"Paramount Group, Inc.";109001
BBRG;350647;"Bravo Brio Restaurant Group, Inc.";103003
RIG;350729;"Transocean Ltd.";107006
CCS;350948;"Century Communities, Inc.";103013
OGS;351460;"ONE Gas, Inc.";105001
WR;351692;"WESTAR ENERGY INC /KS";105001
PZZA;352171;"PAPA JOHNS INTERNATIONAL INC";103003
DXCM;352596;"DEXCOM INC";106001
EFH;352819;"Energy Future Holdings Corp /TX/";
PSX;353084;"Phillips 66";107001
MPC;353184;"Marathon Petroleum Corp";107001
S;353395;"SPRINT Corp";108001
SLB;353500;"SCHLUMBERGER LIMITED/NV";107004
SWKS;353611;"SKYWORKS SOLUTIONS, INC.";101004
ACT;353702;"Actavis, Inc.";
LOGI;353811;"LOGITECH INTERNATIONAL SA";101001
ACIA;353923;"Acacia Communications, Inc.";101005
PH;354246;"PARKER HANNIFIN CORP";100001
ETR;354347;"ENTERGY CORP /DE/";105001
RTN;354596;"RAYTHEON CO/";100008
SMG;355003;"SCOTTS MIRACLE-GRO CO";110003
ISIL;355428;"INTERSIL CORP/DE";101004
RNG;355550;"RingCentral Inc";101003
CR;355869;"CRANE CO /DE/";100001
QCP;356195;"QUALITY CARE PROPERTIES, INC.";109001
AMTD;356477;"TD AMERITRADE HOLDING CORP";104003
DLB;357388;"Dolby Laboratories, Inc.";103001
GEOS;357500;"GEOSPACE TECHNOLOGIES CORP";107004
SPB;357600;"Spectrum Brands Holdings, Inc.";103004
HRC;357864;"Hill-Rom Holdings, Inc.";106003
NUTR;357986;"NUTRACEUTICAL INTERNATIONAL CORP";102002
HAYN;358061;"HAYNES INTERNATIONAL INC";100001
GFF;358146;"GRIFFON CORP";110005
MTSI;358330;"MACOM Technology Solutions Holdings, Inc.";101004
ABCD;358762;"CAMBIUM LEARNING GROUP, INC.";102006
WAIR;359379;"Wesco Aircraft Holdings, Inc";100005
PVA;359467;"PENN VIRGINIA CORP";
WRK;359889;"WestRock Co";103018
NWGI;360213;"Newgioco Group, Inc.";
JCI;360440;"JOHNSON CONTROLS INC";110005
TFSL;360767;"TFS Financial CORP";104002
HP;360878;"Helmerich & Payne, Inc.";107006
ARMK;361112;Aramark;103003
VAR;361284;"VARIAN MEDICAL SYSTEMS INC";106004
HI;361523;"Hillenbrand, Inc.";100001
MSCC;361632;"MICROSEMI CORP";101004
KLIC;362126;"KULICKE & SOFFA INDUSTRIES INC";101004
HOLX;362221;"HOLOGIC INC";106003
SMID;362372;"SMITH MIDLAND CORP";
FLUG;362943;"FLURIDA GROUP INC";
TSSI;363007;"TSS, Inc.";104007
PUB;363174;"People's Utah Bancorp";104002
JAZZ;364811;"Jazz Pharmaceuticals plc";106002
GEO;365061;"GEO GROUP INC";109001
USFD;365184;"US Foods Holding Corp.";102001
AGCO;365265;"AGCO CORP /DE";100009
HALO;365463;"HALOZYME THERAPEUTICS INC";106002
JMBA;365536;"JAMBA, INC.";103003
COHR;365654;"COHERENT INC";101001
MNK;365935;"Mallinckrodt plc";106005
CSGS;366036;"CSG SYSTEMS INTERNATIONAL INC";101003
SRDX;366154;"SURMODICS INC";106001
HNNA;366890;"HENNESSY ADVISORS INC";104001
AA;367153;"Alcoa Corp";110004
UNH;367714;"UNITEDHEALTH GROUP INC";106006
FLIR;367930;"FLIR SYSTEMS INC";101001
ATKR;368117;"Atkore International Group Inc.";100001
KTEC;368599;"KEY TECHNOLOGY INC";100001
MITK;369106;"MITEK SYSTEMS INC";101003
IBOC;369401;"INTERNATIONAL BANCSHARES CORP";104002
Golf;370220;"Acushnet Holdings Corp.";103015
VERU;370817;"FEMALE HEALTH CO";106005
INFU;371010;"InfuSystem Holdings, Inc";106003
PHX;371566;"PANHANDLE OIL & GAS INC";107002
BL;371763;"BLACKLINE, INC.";101003
ZEDG;372279;"Zedge, Inc.";101003
TTWO;372538;"TAKE TWO INTERACTIVE SOFTWARE INC";101003
TMO;372802;"THERMO FISHER SCIENTIFIC INC.";106001
DE;373449;"DEERE & CO";100009
ULTI;373736;"ULTIMATE SOFTWARE GROUP INC";101003
CTL;373834;"CENTURYLINK, INC";108001
SOFO;374032;"SONIC FOUNDRY INC";101003
ALJJ;374775;"ALJ REGIONAL HOLDINGS INC";100002
VSM;375160;"Versum Materials, Inc.";110001
HRL;375369;"HORMEL FOODS CORP /DE/";102002
COTY;376164;"COTY INC.";102002
ANTM;378099;"Anthem Inc.";106006
AVGO_old;378100;"Avago Technologies";101004
CHRW;378101;"C. H. Robinson Worldwide";100010
COG;378102;"Cabot Oil & Gas";107002
COF;378103;"Capital One Financial";104007
HSIC;378104;"Henry Schein";106014
CBG;378105;"CBRE Group";109002
CBS;378106;"CBS Corp.";103001
CNC;378107;"Centene Corporation";106006
CNP;378108;"CenterPoint Energy";105001
SCHW;378109;"Charles Schwab Corporation";104003
CHTR;378110;"Charter Communications";108001
CHK;378111;"Chesapeake Energy";107002
CB;378112;"Chubb Limited";104006
CHD;378113;"Church & Dwight";102002
CI;378114;"CIGNA Corp.";106006
XEC;378115;"Cimarex Energy";107002
CME;378116;"CME Group Inc.";104003
CMS;378117;"CMS Energy";105001
CXO;378119;"Concho Resources";107002
COP;378120;ConocoPhillips;107002
ED;378121;"Consolidated Edison";105001
CCI;378122;"Crown Castle International Corp.";108001
CSRA;378123;"CSRA Inc.";101003
APTV;378125;"Aptiv PLC";103005
XRAY;378126;"Dentsply Sirona";106003
DFS;378127;"Discover Financial Services";104007
DLTR;378128;"Dollar Tree";102001
DPS;378130;"Dr Pepper Snapple Group";102005
ECL;378133;"Ecolab Inc.";110001
EIX;378134;"Edison International";105001
ENDP_old;378135;"Endo International";106005
EFX;378137;"Equifax Inc.";100002
EQIX;378138;Equinix;109001
ESS;378140;"Essex Property Trust Inc";109001
ES;378141;"Eversource Energy";105001
EXPD;378143;"Expeditors International";100010
FITB;378145;"Fifth Third Bancorp";104002
FISV;378146;"Fiserv Inc";100002
FLS;378147;"Flowserve Corporation";100001
FLR;378148;"Fluor Corp.";100003
FMC;378149;"FMC Corporation";110001
FTI_old;378150;"FMC Technologies Inc.";107004
FTV;378151;"Fortive Corp";101001
FBHS;378152;"Fortune Brands Home & Security";103004
FCX;378154;"Freeport-McMoran Cp & Gld";110004
GGP_old;378155;"General Growth Properties Inc.";109001
GT;378156;"Goodyear Tire & Rubber";103005
HOG;378159;Harley-Davidson;103005
HAR;378160;"Harman Int'l Industries";
HCA;378161;"HCA Holdings";106011
HES;378163;"Hess Corporation";107002
HBAN;378164;"Huntington Bancshares";104002
ITW;378165;"Illinois Tool Works";100001
ICE;378167;"Intercontinental Exchange";104003
IPG;378168;"Interpublic Group";103011
IFF;378169;"Intl Flavors & Fragrances";110001
IVZ;378170;"Invesco Ltd.";104001
IRM;378171;"Iron Mountain Incorporated";100002
JEC;378172;"Jacobs Engineering Group";100003
JBHT;378173;"J. B. Hunt Transport Services";100010
KEY;378174;KeyCorp;104002
KIM;378175;"Kimco Realty";109001
LLL;378176;"L-3 Communications Holdings";100008
LH;378177;"Laboratory Corp. of America Holding";106001
LEG;378178;"Leggett & Platt";103004
LVLT;378179;"Level 3 Communications";108001
LUK;378180;"Leucadia National Corp.";102002
LLY;378181;"Lilly (Eli) & Co.";106005
LYB;378183;LyondellBasell;110001
Mac;378184;Macerich;109001
MRO;378185;"Marathon Oil Corp.";107002
MLM;378186;"Martin Marietta Materials";110005
MAT;378187;"Mattel Inc.";103015
MJN;378188;"Mead Johnson";106006
MDT_old;378189;"Medtronic INC";106004
MYL_old;378191;"Mylan N.V.";106005
NDAQ;378192;"NASDAQ OMX Group";104003
NOV;378193;"National Oilwell Varco Inc.";107004
NWL;378194;"Newell Rubbermaid Co.";102002
NRG;378196;"NRG Energy";105002
PKI;378197;PerkinElmer;106001
PCG;378198;"PG&E Corp.";105001
PXD;378199;"Pioneer Natural Resources";107002
PBI;378200;Pitney-Bowes;100001
PX;378201;"Praxair Inc.";110001
CFG;378202;"Citizens Financial Group";104002
PGR;378203;"Progressive Corp.";104006
PSA;378204;"Public Storage";109001
PWR;378205;"Quanta Services Inc.";100003
RF;378207;"Regions Financial Corp.";104002
RHI;378208;"Robert Half International";100011
COL;378209;"Rockwell Collins";100008
R;378210;"Ryder System";100007
SNI;378211;"Scripps Networks Interactive Inc.";103001
STX;378212;"Seagate Technology";101001
SEE;378213;"Sealed Air";103018
SRE;378214;"Sempra Energy";105001
SHW;378215;Sherwin-Williams;110001
SE;378216;"Spectra Energy Corp.";101003
SPGI;378217;"S&P Global, Inc.";104003
STJ;378218;"St Jude Medical";106004
STT;378219;"State Street Corp.";104001
TGNA;378222;Tegna;103001
TDC;378223;"Teradata Corp.";101001
ANDV;378224;Andeavor;107001
TMK;378226;"Torchmark Corp.";104004
TSS;378227;"Total System Services";104007
TSCO;378228;"Tractor Supply Company";103002
TDG;378229;"TransDigm Group";100008
USB;378231;"U.S. Bancorp";104002
UHS;378232;"Universal Health Services, Inc.";106011
UNM;378233;"Unum Group";104004
VRSN;378234;"Verisign Inc.";101002
VRSK;378235;"Verisk Analytics";100002
VIAB;378236;"Viacom Inc.";103001
VMC;378238;"Vulcan Materials";110005
WAT;378240;"Waters Corporation";106003
WELL;378241;"Welltower Inc.";109001
WU;378242;"Western Union Co";104007
WLTW;378243;"Willis Towers Watson";104003
WEC;378244;"Wisconsin Energy Corporation";105001
WYNN;378245;"Wynn Resorts Ltd";103015
XEL;378246;"Xcel Energy Inc";105001
XRX;378247;"Xerox Corp.";101003
ZION;378250;"Zions Bancorp";104002
FPRX;378616;"FIVE PRIME THERAPEUTICS INC";106002
MET;380562;"METLIFE INC";104004
MCK;380928;"MCKESSON CORP";106014
JNPR;385619;"JUNIPER NETWORKS INC";101005
HIG;387752;"HARTFORD FINANCIAL SERVICES GROUP INC/DE";104005
GRMN;388839;"GARMIN LTD";101001
FTR;388949;"FRONTIER COMMUNICATIONS CORP";108001
XLNX;396684;"XILINX INC";101004
SWN;401903;"SOUTHWESTERN ENERGY CO";107002
RCL;403292;"ROYAL CARIBBEAN CRUISES LTD";103015
PHM;404717;"PULTEGROUP INC/MI/";103013
NTRS;407194;"NORTHERN TRUST CORP";104001
VLO;410846;"VALERO ENERGY CORP/TX";107001
CELG;410976;"CELGENE CORP /DE/";106002
PNRA;412883;"PANERA BREAD CO";103003
ATW;412984;"ATWOOD OCEANICS INC";107006
W;417451;"Wayfair Inc.";103002
SANM;418072;"SANMINA CORP";101001
ZNGA;418866;"ZYNGA INC";101003
TDW;419436;"TIDEWATER INC";107004
FOSL;419656;"Fossil Group, Inc.";103004
CFR;419929;"CULLEN/FROST BANKERS, INC.";104002
HIL;420734;"Hill International, Inc.";100002
EQR;421306;"Equity Residential";109001
UDR;424210;"UDR, Inc.";109001
SYMC;427444;"SYMANTEC CORP";101003
GRUB;433759;"GrubHub Inc.";101002
ELY;434282;"CALLAWAY GOLF CO";103015
CPXX;436095;"Celator Pharmaceuticals Inc";
AVXL;436223;"ANAVEX LIFE SCIENCES CORP.";106002
UTHR;438343;"UNITED THERAPEUTICS Corp";106002
PCP;438657;"PRECISION CASTPARTS CORP";
YELP;440174;YELP;101002
NVCR;440850;"Novocure Ltd";106003
KATE;441025;"Kate Spade & Co";
AGN_old;442340;"Allergan Inc.";106005
ARG;442344;"Airgas, Inc.";
ATI;442346;"Allegheny Technologies Inc.";100001
SUPN;445197;"SUPERNUS PHARMACEUTICALS INC";106005
ABMD;445587;"Abiomed Inc";106004
ABTL;445589;"Autobytel Inc";101002
ACAD;445591;"Acadia Pharmaceuticals Inc";106002
ACGL;445596;"Arch Capital Group LTD";104013
ACHC;445598;"Acadia Healthcare Company Inc";106011
ACM;445606;"Aecom Technology Corp";100003
AGNC;445654;"American Capital Agency Corp";109001
ALGN;445691;"Align Technology Inc";106004
ALKS;445699;"Alkermes PLC";106002
ALSN;445706;"Allison Transmission Holdings Inc";103005
AMCX;445716;"Amc Networks Inc";103001
AMH;445723;"American Homes 4 Rent";109001
AOS;445771;"Smith A O Corp";100001
ARE;445788;"Alexandria Real Estate Equities Inc";109001
ARRS;445801;"Arris Group Inc";101005
ATO;445830;"Atmos Energy Corp";105001
ATR;445832;"Aptargroup Inc";103018
AZPN;445871;"Aspen Technology Inc";101003
BG;445920;"Bunge LTD";102002
BLKB;445967;"Blackbaud Inc";101003
CAVM;446086;"Cavium Inc";101004
CCK;446122;"Crown Holdings Inc";103018
COLM;446285;"Columbia Sportswear Co";103004
COMM;446289;"Commscope Holding Company Inc";101005
CPT;446323;"Camden Property Trust";109001
CSL;446361;"Carlisle Companies Inc";103005
DFT;446473;"Dupont Fabros Technology Inc";109001
DRE;446513;"Duke Realty Corp";109001
ELLI;446590;"Ellie Mae Inc";101003
ELS;446592;"Equity Lifestyle Properties Inc";109001
EME;446597;"Emcor Group Inc";100003
ERIE;446629;"Erie Indemnity Co";104003
ES_old;446632;"Energysolutions Inc";105001
FCNCA;446741;"First Citizens Bancshares Inc";104002
FICO;446774;"Fair Isaac Corp";101003
FNB;446814;"FNB Corp";104002
G;446906;"Genpact LTD";100002
GWR;447280;"Genesee & Wyoming Inc";100010
GXP;447283;"Great Plains Energy Inc";105001
RLGY;447285;"Realogy Group LLC";109002
HOMB;447371;"Home Bancshares Inc";104002
IART;447419;"Integra Lifesciences Holdings Corp";106004
IGT;447449;"International Game Technology";103015
JKHY;447566;"Henry Jack & Associates Inc";100002
LAZ;447656;"Lazard LTD";104003
LSI_old;447735;"Lsi Corp";109001
MBFI;447767;"MB Financial Inc";104002
MKSI;447843;"MKS Instruments Inc";101001
MMS;447855;"Maximus Inc";100002
MTZ;447935;"Mastec Inc";100003
NFG;448011;"National Fuel Gas Co";107002
NUAN;448077;"Nuance Communications Inc";101003
OLN;448155;"Olin Corp";110001
PEGA;448267;"Pegasystems Inc";101003
PINC;448306;"Premier Inc";101003
PKG;448316;"Packaging Corp Of America";103018
POOL;448357;"Pool Corp";103015
RES;448466;"RPC Inc";107004
RGA;448474;"Reinsurance Group Of America Inc";104013
RS;448547;"Reliance Steel & Aluminum Co";110007
RSPP;448551;"RSP Permian Inc";107006
SEB;448625;"Seaboard Corp";100013
SNH;448715;"Senior Housing Properties Trust";109001
STAY;448789;"Extended Stay America Inc";103015
SWX;448826;"Southwest Gas Corp";105001
TFX;448874;"Teleflex Inc";106004
UHAL;449042;Amerco;100007
USG;449068;"Usg Corp";110005
VMI;449113;"Valmont Industries Inc";100001
WFT_old;449193;"Weatherford International LTD";107004
WGL;449198;"WGL Holdings Inc";105001
WOOF;449230;"Vca Antech Inc";106011
WPX;449237;"WPX Energy Inc";107002
WRI;449242;"Weingarten Realty Investors";109001
WTR;449267;"Aqua America Inc";105001
WWD;449272;"Woodward Inc";100008
Y;449291;"Alleghany Corp";104006
SNAP;449958;"Snap Inc";101002
AAME;450021;"ATLANTIC AMERICAN CORP";104004
AR;466098;"ANTERO RESOURCES Corp";107002
ETSY;469839;"ETSY INC";103002
EPD;469948;"ENTERPRISE PRODUCTS PARTNERS L P";107003
XCO;470616;"EXCO RESOURCES INC";107002
BERY;470977;"BERRY GLOBAL GROUP INC";103018
EEFT;484269;"EURONET WORLDWIDE INC";100002
AFG;485236;"AMERICAN FINANCIAL GROUP INC";104006
MNKD;486138;"MANNKIND CORP";106002
AMNL;486666;"Applied Minerals, Inc.";
CSGP;486790;"COSTAR GROUP INC";109002
ASPN;491354;"ASPEN AEROGELS INC";110005
PRSC;492538;"PROVIDENCE SERVICE CORP";106011
HTH;492790;"Hilltop Holdings Inc.";104002
SYF;493399;"Synchrony Financial";104007
RGC;493690;"Regal Entertainment Group";103001
AAXN;493957;"AXON ENTERPRISE, INC.";100008
BCO;494050;"BRINKS CO";100007
CSLT;494803;"CASTLIGHT HEALTH, INC.";101003
STRM;494891;"STREAMLINE HEALTH SOLUTIONS INC.";101003
TRHC;494892;"Tabula Rasa HealthCare, Inc.";101003
OMCL;495083;"OMNICELL, Inc";101003
CATS;495603;"CATASYS, INC.";106011
ATHN;495675;"ATHENAHEALTH INC";101003
MDRX;495816;"ALLSCRIPTS HEALTHCARE SOLUTIONS, INC.";101003
QSII;497184;"QUALITY SYSTEMS, INC";101003
BABY;497305;"Natus Medical Inc";106004
MDSO;497390;"Medidata Solutions, Inc.";101003
HSTM;497494;"Healthstream Inc";101003
MTBC;497698;"MEDICAL TRANSCRIPTION BILLING, CORP";101003
INOV;497806;"Inovalon Holdings, Inc.";101003
CPSI;497906;"Computer Programs & Systems Inc";101003
BX;498254;"Blackstone Group L.P.";104001
AMDA;498391;"AMEDICA Corp";106004
UBNT;503387;"Ubiquiti Networks, Inc.";101005
SMSI;504067;"SMITH MICRO SOFTWARE INC";101003
QEP;504259;"QEP RESOURCES, INC.";107005
HUBS;504719;"HUBSPOT INC";101003
GWW;504823;"GRAINGER W W INC";100005
RYN;504942;"RAYONIER INC";110002
OPY;505723;"OPPENHEIMER HOLDINGS INC";104003
BZH;505724;"BEAZER HOMES USA INC";103013
SNDK;505727;"SANDISK CORP";101001
FORR;506742;"FORRESTER RESEARCH, INC.";100002
HRB;506954;"H&R BLOCK INC";103020
MWW;507294;"MONSTER WORLDWIDE, INC.";
KND;510383;"KINDRED HEALTHCARE, INC";106011
NJR;511242;"NEW JERSEY RESOURCES CORP";105001
ALT;511510;"Altimmune, Inc.";106002
SSNT;511627;"SilverSun Technologies, Inc.";101003
NHTC;511953;"NATURAL HEALTH TRENDS CORP";102002
CLCT;512060;"COLLECTORS UNIVERSE INC";100002
AWRE;512152;"AWARE INC /MA/";101003
PMD;512201;"PSYCHEMEDICS CORP";106001
UG;512245;"UNITED GUARDIAN INC";102002
FONR;512339;"FONAR CORP";106004
TZOO;515536;TRAVELZOO;101002
UTMD;515633;"UTAH MEDICAL PRODUCTS INC";106003
RMCF;515680;"ROCKY MOUNTAIN CHOCOLATE FACTORY INC";102002
HIBB;515787;"HIBBETT SPORTS INC";103002
RCII;515845;"RENT A CENTER INC DE";100007
EPM;516432;"EVOLUTION PETROLEUM CORP";107002
AJRD;516551;"AEROJET ROCKETDYNE HOLDINGS, INC.";100008
LL;517434;"Lumber Liquidators Holdings, Inc.";103002
IIN;519102;"INTRICON CORP";101001
SFM;520294;"Sprouts Farmers Market, Inc.";102001
FDC;520475;"FIRST DATA CORP";100002
CNVR;521210;"CONVERSANT, INC.";
SJI;525920;"SOUTH JERSEY INDUSTRIES INC";105001
CY;526074;"CYPRESS SEMICONDUCTOR CORP /DE/";101004
NKTR;526216;"NEKTAR THERAPEUTICS";106002
TR;527072;"TOOTSIE ROLL INDUSTRIES INC";102002
GNW;527413;"GENWORTH FINANCIAL INC";104005
NC;528497;"NACCO INDUSTRIES INC";
ODP;528624;"OFFICE DEPOT INC";103002
LGL;528980;"LGL GROUP INC";101001
AGX;529078;"ARGAN INC";100003
UVE;529179;"UNIVERSAL INSURANCE HOLDINGS, INC.";104006
CDE;529633;"Coeur Mining, Inc.";110004
TSE;530044;"Trinseo S.A.";110001
LGIH;530141;"LGI Homes, Inc.";103013
CPS;530203;"Cooper-Standard Holdings Inc.";103005
ENDP;530918;"Endo International plc";106005
OHI;531049;"OMEGA HEALTHCARE INVESTORS INC";109001
FLO;531177;"FLOWERS FOODS INC";102002
BRKS;531292;"BROOKS AUTOMATION INC";101004
CDI;531420;"CDI CORP";
THS;532132;"TreeHouse Foods, Inc.";102002
PDLI;533398;"PDL BIOPHARMA, INC.";106002
SPRT;533572;"Support.com, Inc.";101003
LQDT;533622;"LIQUIDITY SERVICES INC";103002
CRR;534434;"CARBO CERAMICS INC";107004
SLCA;534435;"U.S. SILICA HOLDINGS, INC.";110004
TEN;534666;"TENNECO INC";103005
STOR;534667;"STORE CAPITAL Corp";109001
IDT;535487;"IDT CORP";108001
HRI;535488;"HERC HOLDINGS INC";100007
Time;535758;"Time Inc.";103026
ANET;536189;"Arista Networks, Inc.";101001
HYH;536304;"Halyard Health, Inc.";106003
CC;536512;"Chemours Co";110001
HTZ;536728;"HERTZ CORP";100007
BJRI;537369;"BJs RESTAURANTS INC";103003
PACW;537548;"PACWEST BANCORP";104002
CHRS;540930;"Coherus BioSciences, Inc.";106002
VRX;542074;"Valeant Pharmaceuticals International, Inc.";106005
VER;543421;"VEREIT, Inc.";109001
RAIL;543593;"FreightCar America, Inc.";100010
WMAR;543710;"WEST MARINE INC";103002
ERS;543790;"EMPIRE RESOURCES INC /NEW/";
CLNT;543877;"Cleantech Solutions International, Inc.,";100001
GENC;543904;"GENCOR INDUSTRIES INC";100009
BSPM;543906;"Biostar Pharmaceuticals, Inc.";106005
SORL;543973;"SORL Auto Parts Inc";103005
OCN;544026;"OCWEN FINANCIAL CORP";104002
NTNX;544815;"Nutanix, Inc.";101003
ABG;545489;"ASBURY AUTOMOTIVE GROUP INC";103005
DIN;545516;"DineEquity, Inc";103003
TSQ;545597;"Townsquare Media, Inc.";103001
Joe;546306;"ST JOE CO";109002
CIE;546550;"Cobalt International Energy, Inc.";107002
FRPT;546551;"Freshpet, Inc.";102002
COOL;546690;"COOL TECHNOLOGIES, INC.";106002
ETEC;546873;"EMTEC INC/NJ";
RWC;546874;"RELM WIRELESS CORP";101005
CNND;546895;"CANANDAIGUA NATIONAL CORP";104002
BRRE;547113;"BLUE RIDGE REAL ESTATE CO";
VRS;548204;"Verso Corp";110002
ROCK;548420;"GIBRALTAR INDUSTRIES, INC.";110005
IDCC;549215;"InterDigital, Inc.";108001
MSCI;549638;"MSCI Inc.";104003
ETM;550551;"ENTERCOM COMMUNICATIONS CORP";103001
ICUI;550676;"ICU MEDICAL INC/DE";106003
NAVI;551008;"NAVIENT CORP";104007
WTW;564422;"WEIGHT WATCHERS INTERNATIONAL INC";103020
FRX;564852;"Forest Laboratories, LLC";
CLAR;569146;"Clarus Corp";103015
IPGP;570971;"IPG PHOTONICS CORP";101004
AEIS;574583;"ADVANCED ENERGY INDUSTRIES INC";101001
ADP;591496;"AUTOMATIC DATA PROCESSING INC";100002
NTGR;591520;"NETGEAR, INC";101005
AKER;592461;"Akers Biosciences, Inc.";106003
MYSZ;592569;"My Size, Inc.";101003
CBSH;593216;"COMMERCE BANCSHARES INC /MO/";104002
DSW;596024;"DSW Inc.";103002
WLB;596565;"WESTMORELAND COAL Co";110006
LCI;600871;"LANNETT CO INC";106005
PDFS;606334;"PDF SOLUTIONS INC";101003
OA;609619;"ORBITAL ATK, INC.";
LEA;610198;"LEAR CORP";103005
INGR;610276;"Ingredion Inc";102002
CFMS;613117;"ConforMIS Inc";106003
TEVA;616649;"TEVA PHARMACEUTICAL INDUSTRIES LTD";106005
GMED;617302;"GLOBUS MEDICAL INC";106004
NOW;617429;"ServiceNow, Inc.";101003
ROKU;617783;"ROKU, INC";103001
WK;618274;"WORKIVA INC";101003
CBB;618601;"CINCINNATI BELL INC";108001
ADES;619745;"Advanced Emissions Solutions, Inc.";100001
CIDM;620342;"Cinedigm Corp.";103001
SSTK;623203;"Shutterstock, Inc.";101002
FCPT;623532;"Four Corners Property Trust, Inc.";109001
IPXL;625184;"IMPAX LABORATORIES INC";106005
TOWR;625334;"Tower International, Inc.";103005
ENVA;625336;"Enova International, Inc.";104007
AVIR;625536;"Vaxart, Inc.";106002
FRGI;625539;"Fiesta Restaurant Group, Inc.";103003
BGCP;625540;"BGC Partners, Inc.";104003
TRGP;625570;"Targa Resources Corp.";107003
HCHC;625571;"HC2 HOLDINGS, INC.";108001
JCOM;625587;"J2 GLOBAL, INC.";101003
TVPT;625611;"Travelport Worldwide LTD";103015
WIN;625612;"WINDSTREAM HOLDINGS, INC.";108001
POST;625659;"Post Holdings, Inc.";102002
TAST;625660;"CARROLS RESTAURANT GROUP, INC.";103003
LDOS_old;625661;"Leidos, Inc.";101003
HGR;626019;"HANGER, INC.";
TTMI;626042;"TTM TECHNOLOGIES INC";101001
IDA;627772;"IDACORP INC";105001
TROX;627774;"Tronox Ltd";110001
GPRE;627777;"Green Plains Inc.";110001
SIGI;627778;"SELECTIVE INSURANCE GROUP INC";104006
TRNC;627811;"tronc, Inc.";103026
TRMB;627855;"TRIMBLE INC.";101001
CRZO;628031;"CARRIZO OIL & GAS INC";107002
HUBB;628038;"HUBBELL INC";101001
LSXMA;629561;"Liberty Media Corp";
TGI;629705;"TRIUMPH GROUP INC";100008
MNTM;629989;"Mount TAM Biotechnologies, Inc.";
SGH;630523;"SMART Global Holdings, Inc.";101004
REN;637543;"Resolute Energy Corp";107002
FTI;637893;"TechnipFMC plc";107004
MDR;638112;"MCDERMOTT INTERNATIONAL INC";107004
OII;638114;"OCEANEERING INTERNATIONAL INC";107004
CMP;638470;"COMPASS MINERALS INTERNATIONAL INC";110004
GRPN;639037;"Groupon, Inc.";101002
HABT;639722;"Habit Restaurants, Inc.";103003
REV;639819;"REVLON INC /DE/";102002
DLX;639822;"DELUXE CORP";100002
LPLA;639823;"LPL Financial Holdings Inc.";104003
RAVE;640428;"RAVE RESTAURANT GROUP, INC.";103003
TRUP;640535;"TRUPANION INC.";104013
AGLE;640634;"Aeglea BioTherapeutics, Inc.";106002
HRTG;640779;"Heritage Insurance Holdings, Inc.";104006
LNGG;640898;"LINN ENERGY, INC.";
ISBC;641029;"Investors Bancorp, Inc.";104002
PK;641161;"Park Hotels & Resorts Inc.";109001
KEM;641260;"KEMET CORP";101001
LOGM;641732;"LogMeIn, Inc.";101003
DRAD;641822;"DIGIRAD CORP";106004
FIT;642125;"FITBIT INC";101001
PTN;642335;"PALATIN TECHNOLOGIES INC";106001
INTT;645323;"INTEST CORP";101004
FMSA;645665;"FAIRMOUNT SANTROL HOLDINGS INC.";107004
BOFI;645887;"BofI Holding, Inc.";104002
WHG;646168;"WESTWOOD HOLDINGS GROUP INC";104001
WBMD;646643;"WebMD Health Corp.";
TLRA;646927;"Telaria, Inc.";101003
IAC;647051;IAC/INTERACTIVECORP;101002
MTCH;647179;"Match Group, Inc.";101002
ZG;647182;"ZILLOW GROUP, INC.";109002
GDDY;647209;"GoDaddy Inc.";101002
RMBL;647388;"RumbleON, Inc.";103002
ANGI;647538;"ANGI Homeservices Inc.";101002
GRMM;647541;"Grom Social Enterprises, Inc.";
NYT;647918;"NEW YORK TIMES CO";103026
STMP;650092;"STAMPS.COM INC";101003
NXST;650370;"NEXSTAR MEDIA GROUP, INC.";103001
SFLY;650373;"SHUTTERFLY INC";103020
CARS;650652;"Cars.com Inc.";103005
TTD;650768;"Trade Desk, Inc.";101003
QUOT;651172;"Quotient Technology Inc.";103011
SCHL;651267;"SCHOLASTIC CORP";103026
GCI;651516;"Gannett Co., Inc.";103026
WIFI;651519;"BOINGO WIRELESS INC";108001
HMHC;651625;"Houghton Mifflin Harcourt Co";102006
WEB;651626;"WEB.COM GROUP, INC.";101002
TCX;651784;"TUCOWS INC /PA/";101002
XOXO;651859;"XO GROUP INC.";101002
TTGT;652015;"TechTarget Inc";101002
HMTV;652016;"HEMISPHERE MEDIA GROUP, INC.";108001
EVC;652141;"ENTRAVISION COMMUNICATIONS CORP";103001
DJCO;652264;"DAILY JOURNAL CORP";103026
SGA;652364;"SAGA COMMUNICATIONS INC";103001
Mark;652365;"REMARK HOLDINGS, INC.";101002
MOXC;652480;"Moxian, Inc.";101002
LFGR;652547;"LEAF GROUP LTD.";101002
MEET;652598;"Meet Group, Inc.";101002
LEE;652664;"LEE ENTERPRISES, INC";103026
ASPU;652699;"ASPEN GROUP, INC.";102006
NLN;652800;"NEULION, INC.";
RLJE;653411;"RLJ ENTERTAINMENT, INC.";103001
IHRT;653413;"iHeartMedia, Inc.";103001
MNI;653890;"MCCLATCHY CO";103026
MVEN;654363;"theMaven, Inc.";101002
GSEG;654541;"SATYA WORLDWIDE, INC.";
FRLF;654792;"Freedom Leaf Inc.";
ACLZ;655300;"Accelerize Inc.";
IPDN;655301;"Professional Diversity Network, Inc.";101002
CTOP;658373;"Ceetop Inc.";
MYAN;658464;"MYnd Analytics, Inc.";
TRLI;658467;"Truli Media Group, Inc.";
TCNT;658757;"TOUCAN INTERACTIVE CORP";
JBCT;658900;"JOBLOCATIONMAP INC";
RIHT;658986;"RIGHTSCORP, INC.";
VAPE;659172;"Vape Holdings, Inc.";
CMLS;659310;"CUMULUS MEDIA INC";103001
FRZT;659371;"Freeze Tag, Inc.";
MJTK;659836;"CANNASYS INC";
MMEG;659865;"MOMENTOUS ENTERTAINMENT GROUP INC";
MSGO;660196;"Mister Goody, Inc.";
SANP;660201;"SANTO MINING CORP.";
UOLI;660762;"UONLIVE CORP";100013
SIGN;661042;"SIGNET INTERNATIONAL HOLDINGS, INC.";100013
WESC;662182;"W&E Source Corp.";
MAXD;662184;"Max Sound Corp";
CLOW;662407;"Cloudweb, Inc.";
PEDH;662413;"PEOPLES EDUCATIONAL HOLDINGS";
CWRL;662568;"Cornerworld Corp";
MXMG;662984;"MAXIMA GROUP INC.";
AJBI;663635;"AMI JAMES BRANDS, INC.";
RAVN;664566;"RAVEN INDUSTRIES INC";100001
BFS;664571;"SAUL CENTERS INC";109001
AKR;664572;"ACADIA REALTY TRUST";109001
ALEX;664573;"Alexander & Baldwin, Inc.";109001
PESI;664574;"PERMA FIX ENVIRONMENTAL SERVICES INC";100004
MECK;666666;"Mecklermedia Corp";
SEGN;667106;"SUCCESS ENTERTAINMENT GROUP INTERNATIONAL INC.";
OMGB;667156;"OMEGA BRANDS INC.";
JOUT;667535;"JOHNSON OUTDOORS INC";103015
FLLZ;667668;"Fellazo Corp";
CMND;667728;"CALEMINDER INC";
GDI;668481;"GARDNER DENVER INC";101001
TUES;668563;"TUESDAY MORNING CORP/DE";102001
PBYI;668565;"PUMA BIOTECHNOLOGY, INC.";106002
UPLD;668870;"Upland Software, Inc.";101003
CKP;669154;"CHECKPOINT SYSTEMS INC";103018
TRC;669774;"TEJON RANCH CO";109002
BPL;669884;"BUCKEYE PARTNERS, L.P.";107003
TWLO;670420;"TWILIO INC";101003
HDP;670518;"Hortonworks, Inc.";101003
LBTYA;670717;"Liberty Global plc";108001
ARS;670859;"Aleris International, Inc.";
WGO;670940;"WINNEBAGO INDUSTRIES INC";103005
ACLS;670942;"AXCELIS TECHNOLOGIES INC";101004
ACW;671043;"ACCURIDE CORP";
ASTC;671045;"ASTROTECH Corp";100008
AKS;671046;"AK STEEL HOLDING CORP";110007
AIR;671123;"AAR CORP";100008
SHLM;671141;"SCHULMAN A INC";110001
AAOI;671827;"APPLIED OPTOELECTRONICS, INC.";101004
VOXX;672273;"VOXX International Corp";103005
BXC;673388;"BlueLinx Holdings Inc.";110005
CRUS;674434;"CIRRUS LOGIC INC";101004
ENR;674540;"ENERGIZER HOLDINGS, INC.";101001
ARCW;674718;"ARC Group Worldwide, Inc.";100001
DXPE;674720;"DXP ENTERPRISES INC";100005
ADNT;675558;"Adient plc";103005
BSET;675839;"BASSETT FURNITURE INDUSTRIES INC";103004
PRTS;675964;"U.S. Auto Parts Network, Inc.";103002
LIVN;678892;"LivaNova PLC";106004
BHGE;679135;"Baker Hughes a GE Co";107004
FNJN;679470;"FINJAN HOLDINGS, INC.";101003
BRK;679473;"BRK, Inc.";
JILL;680726;"J.Jill, Inc.";103002
LYV;682157;"Live Nation Entertainment, Inc.";103001
JACK;682281;"JACK IN THE BOX INC /NEW/";103003
ULH;682408;"UNIVERSAL LOGISTICS HOLDINGS, INC.";100010
CDW;683318;"CDW Corp";101003
RUBI;683438;"RUBICON PROJECT, INC.";101003
AHS;683491;"AMN HEALTHCARE SERVICES INC";
ATRO;683677;"ASTRONICS CORP";100008
SVU;684097;"SUPERVALU INC";102001
HFC;684316;"HollyFrontier Corp";107001
BBSI;684470;"BARRETT BUSINESS SERVICES INC";100011
SAFM;684669;"SANDERSON FARMS INC";102002
FSI;684672;"FLEXIBLE SOLUTIONS INTERNATIONAL INC";110001
HNRG;684673;"HALLADOR ENERGY CO";110006
AVGO;686523;"Broadcom Inc.";101004
ALTR;686620;"Altair Engineering Inc.";101003
TPX;686753;"TEMPUR SEALY INTERNATIONAL, INC.";103004
GBT;687412;"Global Blood Therapeutics, Inc.";106002
OMF;687414;"OneMain Holdings, Inc.";104007
PAH;687589;"Platform Specialty Products Corp";110001
BMS;687804;"BEMIS CO INC";103018
ZDPY;687925;"Zoned Properties, Inc.";
WPTH;687927;"Westport Energy Holdings Inc.";
NATR;687929;"NATURES SUNSHINE PRODUCTS INC";102002
SSP;688615;"E.W. SCRIPPS Co";103001
IFON;689587;"Cool Holdings, Inc.";101005
QSIM;689588;"QUANTUMSPHERE, INC.";
PRLE;691898;"PILLARSTONE CAPITAL REIT";
HCOM;692076;"Hawaiian Telcom Holdco, Inc.";108001
LION;692284;"FIDELITY SOUTHERN CORP";104002
ARMK_old;692435;"Aramark Services, Inc.";103003
CMRO;692525;"COMARCO INC";101005
TXMD;692917;"TherapeuticsMD, Inc.";106005
LHCG;693030;"LHC Group, Inc";106011
TYL;693134;"TYLER TECHNOLOGIES INC";101003
TNDM;693227;"TANDEM DIABETES CARE INC";106004
SYNT;693332;"SYNTEL INC";101003
KHC;693432;"Kraft Heinz Co";102002
FND;693510;"Floor & Decor Holdings, Inc.";103002
MDXG;693702;"MIMEDX GROUP, INC.";106004
ITRI;693852;"ITRON INC /WA/";101001
AMKR;693881;"AMKOR TECHNOLOGY, INC.";101004
TIS;693955;"Orchids Paper Products CO /DE";102002
FNKO;694474;"Funko, Inc.";103015
ZAYO;694556;"Zayo Group Holdings, Inc.";101005
AYX;695370;"Alteryx, Inc.";101003
BHF;696260;"Brighthouse Financial, Inc.";104004
ACY;696963;"AEROCENTURY CORP";100007
MB;698225;"MINDBODY, Inc.";101003
PS;698235;"Pluralsight, Inc.";101003
EGY;699964;"VAALCO ENERGY INC /DE/";107002
WLK;700084;"WESTLAKE CHEMICAL CORP";110001
BCPC;700317;"BALCHEM CORP";110001
UPL;700786;"ULTRA PETROLEUM CORP";107002
FC;702498;"FRANKLIN COVEY CO";102006
HTGM;702606;"HTG MOLECULAR DIAGNOSTICS, INC";106001
ADVM;702608;"Adverum Biotechnologies, Inc.";106002
IMO;702831;"IMPERIAL OIL LTD";107005
AXTA;702906;"Axalta Coating Systems Ltd.";110001
IMMY;703115;"Imprimis Pharmaceuticals, Inc.";106005
AVA;703252;"AVISTA CORP";105001
MGEE;703431;"MGE ENERGY INC";105001
OTTR;703658;"Otter Tail Corp";105001
DYN;703911;"DYNEGY INC.";105002
AXTI;704072;"AXT INC";101004
UTL;704075;"UNITIL CORP";105001
GLBL;704271;"TERRAFORM GLOBAL, INC.";105002
NEP;704398;"NextEra Energy Partners, LP";105002
CQH;704560;"Cheniere Energy Partners LP Holdings, LLC";107003
CCH;704561;"Cheniere Corpus Christi Holdings, LLC";
CQP;704562;"Cheniere Energy Partners, L.P.";107003
BUDZ;705165;"WEED, INC.";
LEVB;705447;"Level Brands, Inc.";103011
MBOT;705845;"Microbot Medical Inc.";106003
MICR;706150;"MICRON SOLUTIONS INC /DE/";106004
MICT;706645;"MICT, Inc.";100008
CNXT;706764;"CONEXANT SYSTEMS INC";
OUT;706846;"OUTFRONT Media Inc.";109001
ASCMA;707350;"Ascent Capital Group, Inc.";100007
SIVB;708168;"SVB FINANCIAL GROUP";104002
HEMA;708324;"HEMACARE CORP /CA/";
OKTA;708398;"Okta, Inc.";101003
PEGI;708994;"Pattern Energy Group Inc.";105002
HTM;709126;"US GEOTHERMAL INC";105002
AGR;709430;"Avangrid, Inc.";105001
VEC;710316;"Vectrus, Inc.";100002
CRY;710985;"CRYOLIFE INC";106004
FRP;710987;"FAIRPOINT COMMUNICATIONS INC";
DATA;711049;"Tableau Software Inc";101003
RHE;712450;"REGIONAL HEALTH PROPERTIES, INC";106011
OTEX;714157;"OPEN TEXT CORP";101003
MFON;714287;"MOBIVITY HOLDINGS CORP.";
SAM;714419;"THE BOSTON BEER COMPANY, INC.";102004
CNDT;716302;"CONDUENT Inc";100002
GHC;716648;"Graham Holdings Co";102006
QSR;716651;"Restaurant Brands International Inc.";103003
EPE;716965;"EP Energy Corp";107002
UIS;717085;"UNISYS CORP";101003
RFP;717558;"Resolute Forest Products Inc.";110002
CVNA;717670;"CARVANA CO.";103002
IBKR;718957;"Interactive Brokers Group, Inc.";104003
MDB;720635;"MongoDB, Inc.";101003
JBLU;720902;"JETBLUE AIRWAYS CORP";100006
X;721031;"UNITED STATES STEEL CORP";110007
NANO;721571;"NANOMETRICS INC";101004
SSNC;721918;"SS&C Technologies Holdings Inc";101003
APU;723175;"AMERIGAS PARTNERS LP";105001
CORT;724383;"CORCEPT THERAPEUTICS INC";106002
VGR;726203;"VECTOR GROUP LTD";102003
KRO;726370;"KRONOS WORLDWIDE INC";110001
PGC;726431;"PEAPACK GLADSTONE FINANCIAL CORP";104002
REED;727073;"REED'S, INC.";102005
JSDA;727078;"JONES SODA CO";102005
COT;727266;"COTT CORP /CN/";102005
SSYS;727537;"STRATASYS INC";101001
CUB;727716;"CUBIC CORP /DE/";100008
HSII;727845;"HEIDRICK & STRUGGLES INTERNATIONAL INC";100011
INTL;728087;"INTL FCSTONE INC.";104003
NOVT;728364;"NOVANTA INC";101001
OFLX;728561;"Omega Flex, Inc.";100001
TTOO;728864;"T2 Biosystems, Inc.";106001
PLPC;728955;"PREFORMED LINE PRODUCTS CO";101001
LMB;733746;"Limbach Holdings, Inc.";100003
BGNE;734219;"BeiGene, Ltd.";106002
QTNA;734346;"QUANTENNA COMMUNICATIONS INC";101004
XSPY;734429;"Spy Inc.";103015
HWC;734515;"HANCOCK WHITNEY CORP";104002
GWGH;734810;"GWG Holdings, Inc.";104004
ALGT;735180;"Allegiant Travel CO";100006
PLCE;737152;"Childrens Place, Inc.";103002
WSBC;739365;"WESBANCO INC";104002
MTRN;739542;"MATERION Corp";110004
ULBI;739637;"ULTRALIFE CORP";100001
ARTX;739639;"AROTECH CORP";100001
SSC;739951;"Seven Stars Cloud Group, Inc.";101003
DXC;740485;"DXC Technology Co";
FLT;740486;"FLEETCOR TECHNOLOGIES INC";100002
FARO;740727;"FARO TECHNOLOGIES INC";101001
RE;741323;"EVEREST RE GROUP LTD";104013
USNA;741592;"USANA HEALTH SCIENCES INC";102002
APTI;741619;"Apptio Inc";101003
DORM;742104;"Dorman Products, Inc.";103005
FMBH;743187;"FIRST MID ILLINOIS BANCSHARES INC";104002
NP;743399;"Neenah Inc";110002
CWH;744377;"Camping World Holdings, Inc.";103005
NCLH;744483;"Norwegian Cruise Line Holdings Ltd.";103015
MAA;744578;"MID AMERICA APARTMENT COMMUNITIES INC.";109001
SNPS;744723;"SYNOPSYS INC";101003
IQV;744724;"IQVIA HOLDINGS INC.";106001
ROL;744726;"ROLLINS INC";100002
SDPI;745554;"Superior Drilling Products, Inc.";107004
WGP;745556;"Western Gas Equity Partners, LP";107003
PATK;745754;"PATRICK INDUSTRIES INC";103004
MCBC;745864;"MACATAWA BANK CORP";104002
CSOD;747052;"Cornerstone OnDemand Inc";101003
SNCR;747268;"SYNCHRONOSS TECHNOLOGIES INC";101003
ZEN;747270;"Zendesk, Inc.";101003
REPR;748002;"REPRO MED SYSTEMS INC";
PRGS;748103;"PROGRESS SOFTWARE CORP /MA";101003
MYGN;748224;"MYRIAD GENETICS INC";106001
STE;749030;"STERIS plc";106003
CDK;749032;"CDK Global, Inc.";101003
SRPT;749127;"Sarepta Therapeutics, Inc.";106002
WAB;749129;"WESTINGHOUSE AIR BRAKE TECHNOLOGIES CORP";100010
SERV;749230;"SERVICEMASTER GLOBAL HOLDINGS INC";100002
MXWL;755086;"MAXWELL TECHNOLOGIES INC";101001
ESL;758715;"ESTERLINE TECHNOLOGIES CORP";100008
NDLS;759987;"NOODLES & Co";103003
LOPE;760533;"Grand Canyon Education, Inc.";102006
ECYT;760760;"ENDOCYTE INC";106002
CNK;760762;"Cinemark Holdings, Inc.";103001
GWRS;761716;"Global Water Resources, Inc.";105001
AAWW;762204;"ATLAS AIR WORLDWIDE HOLDINGS INC";100010
BKS;763488;"BARNES & NOBLE INC";103002
GEL;767446;"GENESIS ENERGY LP";107003
ETE;767563;"Energy Transfer LP";107003
SRCE;767938;"1ST SOURCE CORP";104002
SPXC;768069;"SPX CORP";100001
RGLS;768206;"Regulus Therapeutics Inc.";106002
LSTR;770173;"LANDSTAR SYSTEM INC";100010
DOMO;770174;"DOMO, INC.";101003
DBD;770497;"DIEBOLD NIXDORF, Inc";101003
MTOR;772948;"MERITOR INC";103005
SGMO;773304;"SANGAMO THERAPEUTICS, INC";106002
CVGI;773452;"Commercial Vehicle Group, Inc.";103005
AIMC;773555;"Altra Industrial Motion Corp.";100001
RA;774807;"RDA Holding Co.";104001
UIHC;774910;"UNITED INSURANCE HOLDINGS CORP.";104006
CALM;776100;"CAL-MAINE FOODS INC";102002
GHDX;776327;"GENOMIC HEALTH INC";106001
MLP;776713;"MAUI LAND & PINEAPPLE CO INC";109002
BRSS;778121;"GLOBAL BRASS & COPPER HOLDINGS, INC.";100001
NEO;778404;"NEOGENOMICS INC";106001
RGNX;778666;"REGENXBIO Inc.";106002
MTEM;778777;"Molecular Templates, Inc.";106002
LC;778892;"LendingClub Corp";104007
TREE;780144;"LendingTree, Inc.";104002
ADRO;781554;"ADURO BIOTECH, INC.";106002
LOXO;781663;"Loxo Oncology, Inc.";106002
FGEN;781665;"FIBROGEN INC";106002
BPMC;781830;"Blueprint Medicines Corp";106002
XNCR;781832;"Xencor Inc";106002
MRTX;782022;"Mirati Therapeutics, Inc.";106002
ODFL;782146;"OLD DOMINION FREIGHT LINE INC/VA";100010
ANDE;783409;"Andersons, Inc.";102001
PNFP;783539;"PINNACLE FINANCIAL PARTNERS INC";104002
GPOR;785453;"GULFPORT ENERGY CORP";107002
DCPH;785694;"Deciphera Pharmaceuticals, Inc.";106002
ATNX;785769;"Athenex, Inc.";106002
TGTX;785880;"TG THERAPEUTICS, INC.";106002
KPTI;786011;"Karyopharm Therapeutics Inc.";106005
GDOT;786096;"GREEN DOT CORP";104007
ARLP;786231;"ALLIANCE RESOURCE PARTNERS LP";110006
NK;786262;"NantKwest, Inc.";106002
SRCI;786501;"SRC Energy Inc.";107002
SCRH;786879;"SCORES HOLDING CO INC";
BLUE;787981;"bluebird bio, Inc.";106002
CTMX;789985;"CytomX Therapeutics, Inc.";106002
MGNX;790123;"MACROGENICS INC";106002
GLYC;790345;"GLYCOMIMETICS INC";106002
RCUS;790458;"Arcus Biosciences, Inc.";106002
ODT;790464;"Odonate Therapeutics, Inc.";106002
CRSP;791051;"CRISPR Therapeutics AG";106002
GERN;793173;"GERON CORP";106002
RSLS;794492;"ReShape Lifesciences Inc.";106004
TWI;795301;"TITAN INTERNATIONAL INC";100009
LGCY;795422;"Legacy Reserves Inc.";107002
YEXT;795507;"Yext, Inc.";101003
PGNX;795979;"PROGENICS PHARMACEUTICALS INC";106002
ZIOP;795980;"ZIOPHARM ONCOLOGY INC";106002
CCXI;795982;"ChemoCentryx, Inc.";106002
ARQL;795983;"ARQULE INC";106002
STML;795984;"STEMLINE THERAPEUTICS INC";106002
GTXI;796059;"GTX INC /DE/";106002
ALCO;798086;"ALICO INC";102002
TROV;798464;"Trovagene, Inc.";106001
CLBS;798466;"CALADRIUS BIOSCIENCES, INC.";106002
SWM;803493;"SCHWEITZER MAUDUIT INTERNATIONAL INC";110002
KKR;805180;"KKR & Co. Inc.";104001
ADIL;807531;"ADIAL PHARMACEUTICALS, INC.";106002
EFOI;807596;"ENERGY FOCUS, INC/DE";103004
KOPN;807728;"KOPIN CORP";101004
SYRS;807944;"Syros Pharmaceuticals, Inc.";106002
EVLO;807946;"Evelo Biosciences, Inc.";106002
RDFN;808089;"Redfin Corp";109002
DBX;808182;"DROPBOX, INC.";101003
BLCM;808260;"BELLICUM PHARMACEUTICALS, INC";106002
SURF;808799;"Surface Oncology, Inc.";106002
MRSN;808876;"Mersana Therapeutics, Inc.";106002
CRVS;808943;"Corvus Pharmaceuticals, Inc.";106002
UMRX;808945;"Unum Therapeutics Inc.";106002
AVEO;809080;"AVEO PHARMACEUTICALS INC";106002
SRRA;809435;"Sierra Oncology, Inc.";106002
IMDZ;809437;"IMMUNE DESIGN CORP.";106002
NLNK;809595;"NEWLINK GENETICS CORP";106002
TOCA;809598;"Tocagen Inc";106002
VSLR;809892;"Vivint Solar, Inc.";101004
DOCU;810159;"DOCUSIGN INC";101003
COUP;811353;"Coupa Software Inc";101003
ZEUS;815280;"OLYMPIC STEEL INC";110007
ALRN;815574;"AILERON THERAPEUTICS INC";106002
MVIS;815811;"MICROVISION, INC.";101001
MBWM;815912;"MERCANTILE BANK CORP";104002
CHJI;815913;"CHINA CHANGJIANG MINING & NEW ENERGY COMPANY, LTD.";
SIX;816466;"Six Flags Entertainment Corp";103015
TLRY;816689;"Tilray, Inc.";106005
ZGNX;816789;"ZOGENIX, INC.";106005
DS;816790;"Drive Shack Inc.";103015
WATT;816792;"Energous Corp";101001
CALA;817563;"Calithera Biosciences, Inc.";106002
CAKE;817638;"CHEESECAKE FACTORY INC";103003
HEAR;817639;"Turtle Beach Corp";101005
BTAI;818572;"BioXcel Therapeutics, Inc.";106002
ALPN;819011;"ALPINE IMMUNE SCIENCES, INC.";106002
MACK;819013;"MERRIMACK PHARMACEUTICALS INC";106002
OMED;819110;"OncoMed Pharmaceuticals Inc";106002
APVO;819111;"Aptevo Therapeutics Inc.";106002
USCR;819568;"US CONCRETE INC";110005
ASYS;819674;"AMTECH SYSTEMS INC";101004
ALRM;819790;"Alarm.com Holdings, Inc.";101003
CNS;820401;"COHEN & STEERS INC";104001
GTHX;820499;"G1 Therapeutics, Inc.";106002
WSTC;820561;"WEST CORP";
PETS;820678;"PETMED EXPRESS INC";102001
GOV;820761;"GOVERNMENT PROPERTIES INCOME TRUST";109001
FII;821505;"FEDERATED INVESTORS INC /PA/";104001
TXRH;821877;"Texas Roadhouse, Inc.";103003
CZR;821879;"CAESARS ENTERTAINMENT Corp";103015
CRC;822165;"California Resources Corp";107002
NST;822439;"NSTAR ELECTRIC CO";105001
ARCB;822441;"ARCBEST CORP /DE/";100010
BSTC;822442;"BIOSPECIFICS TECHNOLOGIES CORP";106002
ESV;822750;"Ensco plc";107006
AXGN;822853;"AxoGen, Inc.";106004
XONE;823071;"ExOne Co";100001
ANIK;823284;"Anika Therapeutics, Inc.";106002
SATS;823480;"EchoStar CORP";101005
AB;823898;"ALLIANCEBERNSTEIN HOLDING L.P.";104001
DK;823947;"Delek US Holdings, Inc.";107001
IEX;824090;"IDEX CORP /DE/";100001
CLFD;824450;"Clearfield, Inc.";101005
FF;824527;"FutureFuel Corp.";110001
DF;824643;"DEAN FOODS CO";102002
RKDA;824887;"Arcadia Biosciences, Inc.";110003
FGP;825012;"FERRELLGAS PARTNERS L P";107001
ITCI;825240;"Intra-Cellular Therapies, Inc.";106002
TITN;825306;"Titan Machinery Inc.";100005
TUSK;825691;"MAMMOTH ENERGY SERVICES, INC.";107005
PYX;825788;"PYXUS INTERNATIONAL, INC.";102003
APPS;826035;"Digital Turbine, Inc.";101003
ARNA;826177;"ARENA PHARMACEUTICALS INC";106002
YOGA;826179;"YogaWorks, Inc.";103020
NVAX;826389;"NOVAVAX INC";106002
MN;826501;"Manning & Napier, Inc.";104001
BLDR;826504;"Builders FirstSource, Inc.";110005
SUP;826868;"SUPERIOR INDUSTRIES INTERNATIONAL INC";103005
SEDG;847001;"SolarEdge Technologies Inc";101004
CNFR;847219;"Conifer Holdings, Inc.";104006
GAMZ;847387;"Gamzio Mobile, Inc.";
CCE;849813;"COCA-COLA REFRESHMENTS USA, INC.";102005
IPAR;853111;"INTER PARFUMS INC";102002
NCR;854994;"NCR CORP";101003
IONS;855206;"IONIS PHARMACEUTICALS INC";106002
SMPL;858017;"Simply Good Foods Co";
YGYI;858111;"Youngevity International, Inc.";102002
HCCI;861202;"Heritage-Crystal Clean, Inc.";100001
GLP;861498;"GLOBAL PARTNERS LP";107003
VLRX;867483;"Valeritas Holdings Inc.";106003
CASI;877522;"CASI Pharmaceuticals, Inc.";106002
MC;878834;"Moelis & Co";104001
GH;882847;"Guardant Health, Inc.";106001
CHDN;883031;"CHURCHILL DOWNS Inc";103015
KONA;884107;"KONA GRILL INC";103003
CUO;884109;"CONTINENTAL MATERIALS CORP";100001
IOTS;884299;"ADESTO TECHNOLOGIES Corp";101004
AVT;884659;"AVNET INC";101001
CRTO;884751;"Criteo S.A.";101002
MELI;884834;"MERCADOLIBRE INC";103002
SWI;885119;"SolarWinds, Inc.";101003
MATX;885542;"Matson, Inc.";100010
BKI;889703;"Black Knight, Inc.";101003
CMPR;889944;"CIMPRESS N.V.";103011
TEUM;890308;"PARETEUM Corp";108001
CVCO;890460;"CAVCO INDUSTRIES INC.";103013
CLDR;890662;"Cloudera, Inc.";101003
UFS;890747;"Domtar CORP";110002
VKTX;890836;"Viking Therapeutics, Inc.";106002
SMA;893218;"Symmetry Medical Inc.";
TVTY;895523;"TIVITY HEALTH, INC.";106011
STLR;895647;"Phunware, Inc.";100013
KTOS;895821;"KRATOS DEFENSE & SECURITY SOLUTIONS, INC.";100007
AVGR;896087;"Avinger Inc";106004
CBLK;896985;"Carbon Black, Inc.";101003
FSCT;897042;"FORESCOUT TECHNOLOGIES, INC";101003
CNSL;897291;"Consolidated Communications Holdings, Inc.";108001
ECA;897579;"ENCANA CORP";107002
UPWK;898008;"Upwork Inc.";101002
MSA;898420;"MSA Safety Inc";100007
PCMI;898543;"PCM, INC.";101001
LGND;898544;"LIGAND PHARMACEUTICALS INC";106002
ALSK;899013;"ALASKA COMMUNICATIONS SYSTEMS GROUP INC";108001
CMCO;899253;"COLUMBUS MCKINNON CORP";100009
EGP;899359;"EASTGROUP PROPERTIES INC";109001
CYCC;899362;"Cyclacel Pharmaceuticals, Inc.";106002
LSI;901127;"LIFE STORAGE, INC.";109001
FIVN;901361;"Five9, Inc.";101003
WDDD;901702;"WORLDS INC";
ZYNE;901704;"Zynerba Pharmaceuticals, Inc.";106002
ZVO;901866;"Zovio Inc";102006
SAIL;902180;"Sailpoint Technologies Holdings, Inc.";101003
SFIX;902273;"Stitch Fix, Inc.";103002
FIVE;902627;"FIVE BELOW, INC";103002
LDOS;902720;"Leidos Holdings, Inc.";101003
USM;903238;"UNITED STATES CELLULAR CORP";108001
HII;903401;"HUNTINGTON INGALLS INDUSTRIES, INC.";100008
ZAGG;903954;"ZAGG Inc";103002
CWEN;904225;"Clearway Energy, Inc.";105001
ANDX;904346;"ANDEAVOR LOGISTICS LP";107003
AMED;904598;"AMEDISYS INC";106011
IO;905324;"ION GEOPHYSICAL CORP";107004
MD;905672;"MEDNAX, INC.";106011
MRAM;906016;"EVERSPIN TECHNOLOGIES INC";101004
JAKK;908372;"JAKKS PACIFIC INC";103015
RWLK;908640;"ReWalk Robotics Ltd.";106004
ONS;908645;"Outlook Therapeutics, Inc.";106002
VRNS;908839;"VARONIS SYSTEMS INC";101003
RIGL;909018;"RIGEL PHARMACEUTICALS INC";106002
SHLX;909105;"Shell Midstream Partners, L.P.";107003
SONS;909370;"Ribbon Communications Inc.";108001
RUSHA;909600;"RUSH ENTERPRISES INC \TX\";103005
TWOU;909826;"2U, Inc.";101003
EB;909936;"Eventbrite, Inc.";101003
EAF;910562;"GRAFTECH INTERNATIONAL LTD";
WMK;912450;"WEIS MARKETS INC";
BWXT;914354;"BWX Technologies, Inc.";
EVBG;914618;"EVERBRIDGE, INC.";
OMP;914862;"Oasis Midstream Partners LP";
UBER;914943;"Uber Technologies, Inc";
MARA;914944;"Marathon Patent Group, Inc.";
ENPH;917156;"Enphase Energy, Inc.";
EVRI;917372;"Everi Holdings Inc.";
BYND;917697;"BEYOND MEAT, INC.";
MRNA;917766;"Moderna, Inc.";
ESTC;917843;"Elastic N.V.";
MMP;918211;"MAGELLAN MIDSTREAM PARTNERS LP";
ESCA;918449;"ESCALADE INC";
REZI;918602;"RESIDEO TECHNOLOGIES, INC.";
AREX;919131;"Approach Resources Inc";
LTHM;920443;"Livent Corp.";
PAYS;921205;"Paysign, Inc.";
NX;921442;"Quanex Building Products CORP";
HCSG;923327;"HEALTHCARE SERVICES GROUP INC";
IPHI;923419;"INPHI Corp";101004
TLND;923420;"Talend SA";
SNBR;925649;"Sleep Number Corp";
PLAN;925650;"Anaplan, Inc.";
ICHR;926863;"ICHOR HOLDINGS, LTD.";
CCMP;927135;"CABOT MICROELECTRONICS CORP";
DLPH;928642;"Delphi Technologies PLC";
TLRD;929181;"TAILORED BRANDS INC";103002
FORM;931024;"FORMFACTOR INC";101004
OLED;933165;"UNIVERSAL DISPLAY CORP \PA\";101005
RGEN;933166;"REPLIGEN CORP";106001
AAC;939324;"AAC Holdings, Inc.";
CRAY;941302;"CRAY INC";
TBIO;941303;"Translate Bio, Inc.";
NGVC;941589;"Natural Grocers by Vitamin Cottage, Inc.";
LKSD;941948;"LSC Communications, Inc.";
REI;942590;"RING ENERGY, INC.";
INVA;942592;"Innoviva, Inc.";
SAIA;942700;"SAIA INC";
JCS;945747;"COMMUNICATIONS SYSTEMS INC";108001
MGLN;945856;"MAGELLAN HEALTH INC";
CYIG;947023;"SPRING PHARMACEUTICAL GROUP, INC.";
PLNT;948485;"Planet Fitness, Inc.";103020
DDS;949971;"DILLARD'S, INC.";103002
GLW;261761;"CORNING INC /NY";101001
VTR;398980;"VENTAS INC";109001
OMC;251397;"OMNICOM GROUP INC.";103011
CMA;378118;"Comerica Inc.";104002
WWE;641925;"WORLD WRESTLING ENTERTAINMENTINC";103001
CODA;511749;"Coda Octopus Group, Inc.";100008
BR;143497;"BROADRIDGE FINANCIAL SOLUTIONS, INC.";100002
EXPE;112653;"Expedia, Inc.";103015
KORS;38287;"Michael Kors Holdings Ltd";103004
DOW;378129;"Dow Chemical";110001
DTE;378131;"DTE Energy Co.";105001
LANC;253076;"LANCASTER COLONY CORP";102002
CE;109593;"Celanese Corp";110001
BRX;108186;"Brixmor Property Group Inc.";109001
DWDP;546332;"DowDuPont Inc.";110001
UNP;367644;"UNION PACIFIC CORP";100010
RICK;100383;"RCI HOSPITALITY HOLDINGS, INC.";103003
GSIT;48159;"GSI TECHNOLOGY INC";101004
RH;951586;RH;
WHR;104227;"WHIRLPOOL CORP /DE/";103004
MAS;255010;"MASCO CORP /DE/";110005
MANH;105128;"MANHATTAN ASSOCIATES INC";101003
HON;105257;"HONEYWELL INTERNATIONAL INC";100001
EA;372651;"ELECTRONIC ARTS INC.";101003
WSTL;543789;"WESTELL TECHNOLOGIES INC";101005
LITE;183087;"Lumentum Holdings Inc.";101005
HUN;447408;"Huntsman Corp";110001
CMI;120498;"CUMMINS INC";100001
ALX;87732;"ALEXANDERS INC";109001
TWTR;30388;"TWITTER, INC.";101002
CSS;702391;"CSS INDUSTRIES INC";103002
CUZ;446395;"Cousins Properties Inc";109001
COR;82753;"CoreSite Realty Corp";109001
TMUS;515267;"T-Mobile US, Inc.";108001
ACF;748227;"General Motors Financial Company, Inc.";
SYK;105030;"STRYKER CORP";106004
FLXS;248318;"FLEXSTEEL INDUSTRIES INC";103004
FAST;339017;"FASTENAL CO";100005
NWE;342218;"NORTHWESTERN CORP";105001
MDLZ;378190;"Mondelez International";102002
ALXN;65359;"ALEXION PHARMACEUTICALS INC";106002
AJG;66898;"GALLAGHER ARTHUR J & CO";104003
NSC;378195;"Norfolk Southern Corp.";100010
AOSL;175314;"ALPHA & OMEGA SEMICONDUCTOR Ltd";101004
KMB;384594;"KIMBERLY CLARK CORP";102002
CLF;754906;"CLEVELAND-CLIFFS INC.";110004
UTX;261978;"UNITED TECHNOLOGIES CORP /DE/";100008
REGN;378206;Regeneron;106002
PYPL;109664;"PayPal Holdings, Inc.";104007
CNNX;208611;"CONE Midstream Partners LP";107003
NBIX;447972;"Neurocrine Biosciences Inc";106002
TYME;809189;"TYME TECHNOLOGIES, INC.";106002
SGEN;487011;"SEATTLE GENETICS INC /WA";106002
CMG;80874;"CHIPOTLE MEXICAN GRILL INC";103003
FLEX;116586;"FLEXTRONICS INTERNATIONAL LTD.";101001
ARW;445806;"Arrow Electronics Inc";101001
HXL;103406;"HEXCEL CORP /DE/";100008
AYR;825458;"Aircastle LTD";100007
CERN;259186;"CERNER CORP /MO/";101003
RSG;101495;"REPUBLIC SERVICES, INC.";100004
ST;749178;"Sensata Technologies Holding plc";101001
TAP;248956;"MOLSON COORS BREWING CO";102004
VNO;378237;"Vornado Realty Trust";109001
DHX;653310;"DHI GROUP, INC.";100011
FRT;378144;"Federal Realty Investment Trust";109001
WCG;745218;"WELLCARE HEALTH PLANS, INC.";106006
NNN;448043;"National Retail Properties Inc";109001
ILMN;86933;"ILLUMINA INC";106003
IR;378166;"Ingersoll-Rand PLC";100001
SAVE;170150;"Spirit Airlines, Inc.";100006
GLPI;447206;"Gaming & Leisure Properties Inc";109001
PFG;367240;"PRINCIPAL FINANCIAL GROUP INC";104004
CNA;446249;"Cna Financial Corp";104006
PTEN;345674;"PATTERSON UTI ENERGY INC";107006
HLT;740329;"Hilton Worldwide Holdings Inc.";103015
AMGN;65735;"AMGEN INC";106002
L;378182;"Loews Corp.";104006
HAL;378158;"Halliburton Co.";107004
IVAC;639373;"INTEVAC INC";101001
F;249937;"FORD MOTOR CO";103005
VRTX;344083;"VERTEX PHARMACEUTICALS INC / MA";106002
TRT;288723;"TRIO-TECH INTERNATIONAL";101004
APH;65820;"AMPHENOL CORP /DE/";101001
ARI;498489;"Apollo Commercial Real Estate Finance, Inc.";109001
LIVE;655099;"LIVE VENTURES Inc";100013
GOOD;106972;"GLADSTONE COMMERCIAL CORP";109001
IRBT;675457;"IROBOT CORP";101001
WSCO;659717;"Wall Street Media Co, Inc.";
PPC;423305;"PILGRIMS PRIDE CORP";102002
PII;104458;"POLARIS INDUSTRIES INC/MN";103005
ZTS;378251;Zoetis;106005
OI;406666;"OWENS ILLINOIS INC /DE/";103018
FORD;257294;"FORWARD INDUSTRIES INC";103004
XPO;364942;"XPO Logistics, Inc.";100010
LPX;849042;"LOUISIANA-PACIFIC CORP";110005
EQT;378136;"EQT Corporation";107002
AXP;413080;"AMERICAN EXPRESS CO";104007
AAN;441241;"AARON'S INC";100007
CGNX;710555;"COGNEX CORP";101001
CGA;532888;"China Green Agriculture, Inc.";110003
TNET;797860;"TRINET GROUP INC";100002
DNOW;558120;"NOW Inc.";107004
FRD;543788;"FRIEDMAN INDUSTRIES INC";110007
INCY;671924;"INCYTE CORP";106002
PAYC;746934;"Paycom Software, Inc.";101003
TRV;262327;"TRAVELERS COMPANIES, INC.";104006
DISH;741324;"DISH Network CORP";108001
AEPI;210001;"AEP INDUSTRIES INC";103018
AGIO;737501;"AGIOS PHARMACEUTICALS INC";106002
PPL;26853;"PPL Corp";105001
APC;67564;"ANADARKO PETROLEUM CORP";107002
TROW;378221;"T. Rowe Price Group";104001
CEI;905198;"CAMBER ENERGY, INC.";107006
ALE;445686;"Allete Inc";105001
CDR;664567;"CEDAR REALTY TRUST, INC.";109001
TRU;700411;TransUnion;100002
WM;378239;"Waste Management Inc.";100004
UAL;219075;"United Continental Holdings, Inc.";100006
CL;255327;"COLGATE PALMOLIVE CO";102002
QRVO;35151;"Qorvo, Inc.";101004
